Unnamed: 0,Title,Timestamp,clean_title
0,MY TRADES FOR TODAY WATCH AS REQUESTED,2020-01-08 15:19:28,trade today watch requested 
1,Diversification isn't working,2020-02-03 22:20:26,diversification working 
2,Motley Fool Tom's Best Buy Now (13 Feb 20),2020-02-15 11:57:16,motley fool tom best buy 13 feb 20 
3,Pre Market Watch List February 18,2020-02-18 08:43:51,pre market watch list february 18 
4,Covid-19 stocks,2020-02-25 17:07:15,covid 19 stock 
5,Invest wisely,2020-02-27 20:37:09,invest wisely 
6,"Stocks to Watch for Feb 28, 2020 - Top 18 Ideas - Corona Virus Stocks",2020-02-28 07:23:59,stock watch feb 28 2020 top 18 idea corona virus stock 
7,"Pre Market Watch List February 28, 2020",2020-02-28 08:45:40,pre market watch list february 28 2020 
8,ZOOOOOM,2020-02-28 10:54:52,zoom 
9,Bull Outpost - ZM DD,2020-02-28 11:31:44,bull outpost zm dd 
10,"Wall Street Week Ahead for the trading week beginning March 2nd, 2020",2020-02-29 10:49:03,wall street week ahead trading week beginning march 2nd 2020 
11,"Wall Street Week Ahead for the trading week beginning March 2nd, 2020",2020-02-29 10:51:54,wall street week ahead trading week beginning march 2nd 2020 
12,"Wall Street Week Ahead for the trading week beginning March 2nd, 2020",2020-02-29 10:52:52,wall street week ahead trading week beginning march 2nd 2020 
13,ZOOM Technologies is NOT Zoom Video Communications (ZM).,2020-03-02 10:52:06,zoom technology zoom video communication zm 
14,"Today's Stock Market News [Tuesday, March 3rd, 2020]",2020-03-03 09:10:28,today stock market news tuesday march 3rd 2020 
15,"Today's Stock Market News [Tuesday, March 3rd, 2020]",2020-03-03 09:13:36,today stock market news tuesday march 3rd 2020 
16,"Today's Stock Market News [Tuesday, March 3rd, 2020]",2020-03-03 09:14:37,today stock market news tuesday march 3rd 2020 
17,Zoom Right Now,2020-03-03 14:29:49,zoom right 
18,Simple Bear Market Strategy for Small Investors,2020-03-05 13:21:10,simple bear market strategy small investor 
19,"Pre Market Watch List March 6, 2020",2020-03-06 08:28:05,pre market watch list march 2020 
20,"Stock Watch List March 6, 2020",2020-03-06 08:28:36,stock watch list march 2020 
21,Coronoavirus Stocks,2020-03-07 21:53:14,coronoavirus stock 
22,"Stock Watch List March 9, 2020",2020-03-09 08:38:34,stock watch list march 2020 
23,"Stock Watch List March 9, 2020",2020-03-09 08:46:01,stock watch list march 2020 
24,"Stock Watch List March 10, 2020",2020-03-10 08:51:11,stock watch list march 10 2020 
25,"Stock Watch List For March 10, 2020",2020-03-10 08:52:05,stock watch list march 10 2020 
26,BARDA & DOD COVID-19 Test Contract | Hologic - (HOLX),2020-03-12 07:08:31,barda dod covid 19 test contract hologic holx 
27,Companies that with long term tailwinds due to the COVID-19 (coronavirus),2020-03-14 12:34:35,company long term tailwind due covid 19 coronavirus 
28,Autists being Autists,2020-03-17 21:39:33,autists autists 
29,"A Comprehensive Guide to Coronavirus Stocks, Categorized via BARDA's Areas of Interest.",2020-03-19 03:15:29,comprehensive guide coronavirus stock categorized via barda area interest 
30,"A Comprehensive Guide to Coronavirus Stocks, Categorized via BARDA's Areas of Interest.",2020-03-19 04:46:09,comprehensive guide coronavirus stock categorized via barda area interest 
31,"What are you planning to buy ""on-sale""",2020-03-19 07:48:33,planning buy sale 
32,Zoom (ZM) stock and thoughts on working from home for the foreseeable future,2020-03-19 11:22:17,zoom zm stock thought working home foreseeable future 
33,Why isn't anyone talking about $CSCO?,2020-03-19 11:35:46,anyone talking csco 
34,Who are the autists that are buying the wrong ZOOM??!,2020-03-20 13:27:01,autists buying wrong zoom 
35,"ASPU: The next APT, APRN",2020-03-20 14:04:04,aspu next apt aprn 
36,What are stocks that have still been in the green?,2020-03-21 11:55:50,stock still green 
37,"Stock Watch List March 23, 2020",2020-03-23 08:48:04,stock watch list march 23 2020 
38,"Stock Watch List March 23, 2020",2020-03-23 08:48:24,stock watch list march 23 2020 
39,"Stock Watch List March 23, 2020",2020-03-23 09:15:46,stock watch list march 23 2020 
40,ZM stock - Zoom Video Communications - hype,2020-03-23 11:26:35,zm stock zoom video communication hype 
41,BLMN Value Stock?,2020-03-23 23:01:52,blmn value stock 
42,"Today's Stock Market News [Tuesday, March 24th, 2020]",2020-03-24 08:29:09,today stock market news tuesday march 24th 2020 
43,"Today's Stock Market News [Tuesday, March 24th, 2020]",2020-03-24 08:30:05,today stock market news tuesday march 24th 2020 
44,"Today's Stock Market News [Tuesday, March 24th, 2020]",2020-03-24 08:30:53,today stock market news tuesday march 24th 2020 
45,MTCH 7/17 90-110c,2020-03-24 21:50:48,mtch 17 90 110c 
46,"Today's Stock Market News [Wednesday, March 25th, 2020]",2020-03-25 08:17:11,today stock market news wednesday march 25th 2020 
47,"Today's Stock Market News [Wednesday, March 25th, 2020]",2020-03-25 08:18:10,today stock market news wednesday march 25th 2020 
48,"Today's Stock Market News [Wednesday, March 25th, 2020]",2020-03-25 08:18:51,today stock market news wednesday march 25th 2020 
49,Is it too late to get in for the mid to long term on stocks like BA?,2020-03-26 10:47:17,late get mid long term stock like ba 
50,Zoom Technologies Trading Suspended After Ticker Confusion,2020-03-26 12:04:53,zoom technology trading suspended ticker confusion 
51,Zoom Technology Shares Suspended,2020-03-26 13:08:28,zoom technology share suspended 
52,‚ÄòZOOM‚Äô stock halted after investors confuse it with Zoom Video stock,2020-03-26 19:43:20,zoom stock halted investor confuse zoom video stock 
53,"Stock watch List March 27, 2020",2020-03-27 08:50:24,stock watch list march 27 2020 
54,"Stock Watch List March 27, 2020",2020-03-27 08:50:50,stock watch list march 27 2020 
55,"Stock Watch List March 27, 2020",2020-03-27 08:51:15,stock watch list march 27 2020 
56,Stocks that benefit from COVID-19,2020-03-30 06:21:47,stock benefit covid 19 
57,Growth Stocks Watch-list | Swing Trade/Position Trade | GSX ZM CHWY DXCM + More,2020-03-30 08:31:49,growth stock watch list swing trade position trade gsx zm chwy dxcm 
58,"Stock Watch List March 30, 2020",2020-03-30 08:53:34,stock watch list march 30 2020 
59,"Stock Watch List March 30, 2020",2020-03-30 08:54:00,stock watch list march 30 2020 
60,"Stock Watch List March 30, 3020",2020-03-30 08:54:23,stock watch list march 30 3020 
61,Thinking of selling ZM & AVGO and buying MSFT and AAPL. Reasoning in post. Thoughts?,2020-03-30 21:21:51,thinking selling zm avgo buying msft aapl reasoning post thought 
62,"Today's Pre-Market Movers & News [Tuesday, March 31st, 2020]",2020-03-31 08:29:24,today pre market mover news tuesday march 31st 2020 
63,"Today's Pre-Market Movers & News [Tuesday, March 31st, 2020]",2020-03-31 08:30:23,today pre market mover news tuesday march 31st 2020 
64,"A Guide on what to look for in ""Pennystocks"" before they run",2020-03-31 21:37:38,guide look pennystocks run 
65,"Today's Pre-Market Movers & News [Thursday, April 2nd, 2020]",2020-04-02 08:26:53,today pre market mover news thursday april 2nd 2020 
66,"Today's Pre-Market Movers & News [Thursday, April 2nd, 2020]",2020-04-02 08:27:40,today pre market mover news thursday april 2nd 2020 
67,"Today's Pre-Market Movers & News [Thursday, April 2nd, 2020]",2020-04-02 08:28:22,today pre market mover news thursday april 2nd 2020 
68,"Stock Watch List April 2, 2020",2020-04-02 08:47:57,stock watch list april 2020 
69,"Stock Watch List April 2, 2020",2020-04-02 08:48:52,stock watch list april 2020 
70,Here's all plays posted in the last 24 hours,2020-04-02 16:35:42,play posted last 24 hour 
71,This is all plays commented in the last 24 hours,2020-04-03 23:24:02,play commented last 24 hour 
72,Question about Zoom investment. Some DD,2020-04-05 02:19:12,question zoom investment dd 
73,Let me try this again with more info. I apologize. You have less than two weeks to purge your account PART 2 - With proper images and stock cross-references.,2020-04-05 08:57:53,let try info apologize le two week purge account part proper image stock cross reference 
74,Big Shorts Looming?,2020-04-05 16:07:32,big short looming 
75,"Stock watch list April 6, 2020",2020-04-06 08:49:47,stock watch list april 2020 
76,"Stock Watch List April 6, 2020",2020-04-06 08:50:16,stock watch list april 2020 
77,"Stock Watch List April 6, 2020",2020-04-06 08:50:36,stock watch list april 2020 
78,"Today's Pre-Market Movers & News [Monday, April 6th, 2020]",2020-04-06 08:51:29,today pre market mover news monday april 6th 2020 
79,"Today's Pre-Market Movers & News [Monday, April 6th, 2020]",2020-04-06 08:52:16,today pre market mover news monday april 6th 2020 
80,"Today's Pre-Market Movers & News [Monday, April 6th, 2020]",2020-04-06 08:53:07,today pre market mover news monday april 6th 2020 
81,My 4-6-20 Socks In Play Watchlist,2020-04-06 09:20:19,20 sock play watchlist 
82,PTON. Peloton suspends live classes,2020-04-06 17:03:59,pton peloton suspends live class 
83,Zoom lacks security,2020-04-07 18:52:13,zoom lack security 
84,Data centers may be one of the safest defensive stocks amid a global shelter in place,2020-04-08 08:36:38,data center may one safest defensive stock amid global shelter place 
85,Institutional ownership,2020-04-08 09:49:55,institutional ownership 
86,Here are all positions posted in the last 24 hours,2020-04-08 21:06:00,position posted last 24 hour 
87,"Today's Pre-Market Movers & News [Thursday, April 9th, 2020]",2020-04-09 08:45:10,today pre market mover news thursday april 9th 2020 
88,"Today's Pre-Market Movers & News [Thursday, April 9th, 2020]",2020-04-09 08:46:06,today pre market mover news thursday april 9th 2020 
89,Here are all positions posted in the last 24 hours,2020-04-09 16:38:14,position posted last 24 hour 
90,"What Happened, and Why Markets Seem Irrational",2020-04-10 23:34:35,happened market seem irrational 
91,A Diamond in the Rough - Debated Welcome!,2020-04-11 13:24:04,diamond rough debated welcome 
92,Here are all positions posted in the last 24 hours,2020-04-11 17:18:18,position posted last 24 hour 
93,"Stock watch List April 13, 2020",2020-04-13 08:46:21,stock watch list april 13 2020 
94,"Stock watch List April 13, 2020",2020-04-13 08:46:23,stock watch list april 13 2020 
95,"Stock Watch List April 13, 2020",2020-04-13 08:53:53,stock watch list april 13 2020 
96,Does strike price matter for synthetic shorts?,2020-04-13 11:37:49,strike price matter synthetic short 
97,Here are all positions posted in the last 24 hours,2020-04-13 16:26:23,position posted last 24 hour 
98,"Alteryx, Inc. This is some pretty Guaranteed Money (Probably)",2020-04-13 21:52:48,alteryx inc pretty guaranteed money probably 
99,"Stock Watch List April 14, 2020",2020-04-14 08:49:32,stock watch list april 14 2020 
100,"Stock watch list April 14, 2020",2020-04-14 08:49:57,stock watch list april 14 2020 
101,"Stock Watch List April 14, 2020",2020-04-14 08:50:32,stock watch list april 14 2020 
102,Here are all positions posted in the last 24 hours,2020-04-14 17:32:20,position posted last 24 hour 
103,Literal free money on Zoom (ZM) puts...,2020-04-15 13:19:12,literal free money zoom zm put 
104,Here are all positions posted in the last 24 hours,2020-04-15 18:27:40,position posted last 24 hour 
105,The right temperament,2020-04-16 21:01:44,right temperament 
106,STONK MARKET =/= ECONOMY,2020-04-16 22:36:05,stonk market economy 
107,How does Yahoo Finance calculate Market Cap?,2020-04-18 06:06:26,yahoo finance calculate market cap 
108,The market as a whole seems like it should be a lot lower right now. But which stocks specifically do you guys think are irrationally higher than they should be?,2020-04-19 18:52:57,market whole seems like lot lower right stock specifically guy think irrationally higher 
109,Trying to understand wash sales and its driving me crazy,2020-04-19 20:59:18,trying understand wash sale driving crazy 
110,Who is winning the videochat war? Survey inside,2020-04-20 17:19:37,winning videochat war survey inside 
111,Stock Thread 2.0,2020-04-22 20:06:45,stock thread 
112,Here are all positions posted in the last 24 hours,2020-04-23 16:43:56,position posted last 24 hour 
113,For Trading April 24th,2020-04-23 21:03:13,trading april 24th 
114,In-Depth Analysis and Valuation on Zoom Video Communications (ZM),2020-04-24 02:38:20,depth analysis valuation zoom video communication zm 
115,"Stock watch List April 24, 2020",2020-04-24 08:40:24,stock watch list april 24 2020 
116,Here are all positions posted in the last 24 hours,2020-04-24 19:13:21,position posted last 24 hour 
117,Here are all positions posted in the last 24 hours,2020-04-25 20:17:53,position posted last 24 hour 
118,"Stock watch List April 27, 2020",2020-04-27 08:44:33,stock watch list april 27 2020 
119,The Zoom bubble is popping,2020-04-27 09:17:25,zoom bubble popping 
120,"Stock watch list April 29, 2020",2020-04-29 08:45:10,stock watch list april 29 2020 
121,"Stock watch list April 29, 2020",2020-04-29 08:46:11,stock watch list april 29 2020 
122,Morning radar 30th Apr,2020-04-30 08:02:40,morning radar 30th apr 
123,"Stock Watch List April 30, 2020",2020-04-30 08:45:12,stock watch list april 30 2020 
124,"Stock Watch List April 30, 2020",2020-04-30 08:45:17,stock watch list april 30 2020 
125,Here are all positions posted in the last 24 hours,2020-04-30 12:07:49,position posted last 24 hour 
126,Do you believe Zoom has a future or is it a fad?,2020-05-01 14:57:33,believe zoom future fad 
127,Does any website have accurate float and shares outstanding numbers for equities?,2020-05-04 14:53:12,website accurate float share outstanding number equity 
128,Stop Buying Zoom Puts,2020-05-05 04:25:03,stop buying zoom put 
129,Wayfair/Shopify Puts,2020-05-05 09:03:45,wayfair shopify put 
130,Let's compile a list of Fad stocks that rose during the Coronavirus scare and only due to the Cornavirus scare (and the responses to it),2020-05-06 16:56:36,let compile list fad stock rose coronavirus scare due cornavirus scare response 
131,Turtle Beach ($HEAR) earnings today. BUY CALLS!,2020-05-07 08:43:07,turtle beach hear earnings today buy call 
132,"Stock watch list May 7, 2020",2020-05-07 08:44:20,stock watch list may 2020 
133,ZM: why the market may be substantially underestimating the upside,2020-05-07 11:33:39,zm market may substantially underestimating upside 
134,"AyyPce Charts - CAKE, LOGI, HD, more charts to come for 5-15 Week",2020-05-10 16:09:54,ayypce chart cake logi hd chart come 15 week 
135,Day 4 5/14 : From Down to Up - The Road to $18385.37 - +9.96% ($1968.86 - $2165.08),2020-05-14 16:21:51,day 14 road 18385 37 96 1968 86 2165 08 
136,$ZM retard strength,2020-05-15 11:23:20,zm retard strength 
137,Day 5 5/15 : From Down to Up - The Road to $18385.37 -6.57% ($2665.08 - $2489.82),2020-05-15 16:28:57,day 15 road 18385 37 57 2665 08 2489 82 
138,I'm Bullish on Shopify For The Long Term But Short Term I Would Sell,2020-05-16 12:38:56,bullish shopify long term short term would sell 
139,ZOOM is going down! And I need it to do so now!,2020-05-17 14:30:04,zoom going need 
140,Need advice: ZM - Hold or sell?,2020-05-17 14:51:21,need advice zm hold sell 
141,When to call it quits and seek advice from a financial advisor,2020-05-17 23:41:42,call quits seek advice financial advisor 
142,"Zoom (ZM) CEO/Founder Yuan, Eric S. sells out of all his stock on May 12th",2020-05-18 15:46:06,zoom zm ceo founder yuan eric sell stock may 12th 
143,Criticize my plan,2020-05-18 23:36:32,criticize plan 
144,Here are all positions posted in the last 24 hours,2020-05-19 17:52:54,position posted last 24 hour 
145,Day 7 5/16 : From Down to Up - The Road to $18385.37 -19.40% ($2364.82 - $1904.13),2020-05-19 20:51:07,day 16 road 18385 37 19 40 2364 82 1904 13 
146,DD: The KEY STATISTIC ON WHY YOU SHOULD NOT SLEEP ON SLACK,2020-05-21 07:04:20,dd key statistic sleep slack 
147,US MBS ETF options,2020-05-24 09:28:12,u mb etf option 
148,Meme Stonks,2020-05-26 20:02:57,meme stonks 
149,Here are all positions posted in the last 24 hours,2020-05-27 17:00:52,position posted last 24 hour 
150,Arbitrage tech and mainstreet,2020-05-27 18:18:26,arbitrage tech mainstreet 
151,"Wall Street Week Ahead for the trading week beginning June 1st, 2020",2020-05-30 08:50:41,wall street week ahead trading week beginning june 1st 2020 
152,"Wall Street Week Ahead for the trading week beginning June 1st, 2020",2020-05-30 08:55:42,wall street week ahead trading week beginning june 1st 2020 
153,"Wall Street Week Ahead for the trading week beginning June 1st, 2020",2020-05-30 08:57:08,wall street week ahead trading week beginning june 1st 2020 
154,"Stock Watch List June 1, 2020",2020-06-01 08:42:38,stock watch list june 2020 
155,"Stock Watch List June 1, 2020",2020-06-01 08:43:48,stock watch list june 2020 
156,"Zoom, Zscaler and Zynga... don't sleep on these üò¥",2020-06-01 18:27:59,zoom zscaler zynga sleep 
157,Short zoom?,2020-06-02 08:31:55,short zoom 
158,"Stock watch List June 2, 2020",2020-06-02 08:38:27,stock watch list june 2020 
159,"Stock watch List June 2, 2020",2020-06-02 08:44:15,stock watch list june 2020 
160,My 6-2-20 Stocks in Play Watchlist,2020-06-02 09:10:07,20 stock play watchlist 
161,"Zoom Video earnings and sales blow away expectations, stock rises toward more records",2020-06-02 16:31:39,zoom video earnings sale blow away expectation stock rise toward record 
162,Technology stocks and the problem with Zoom (ZM),2020-06-02 18:12:59,technology stock problem zoom zm 
163,How to trade stocks at all time highs?,2020-06-02 21:12:05,trade stock time high 
164,Your tendies at $WORK,2020-06-04 10:55:26,tendies work 
165,WORK (Slack Technologies) discussion and thoughts,2020-06-04 19:03:51,work slack technology discussion thought 
166,Expected moves charts for next weeks earnings and other stocks in the news,2020-06-05 14:47:32,expected move chart next week earnings stock news 
167,Get your COCKU into $DOKU,2020-06-05 17:07:59,get cocku doku 
168,Bearish outlook on Zoom,2020-06-05 18:17:47,bearish outlook zoom 
169,Need feedback - FD DTE earnings short options plays,2020-06-06 16:07:15,need feedback fd dte earnings short option play 
170,Selling puts on skyrocketing stocks,2020-06-08 17:04:40,selling put skyrocketing stock 
171,Is this what a bubble looks like?,2020-06-08 17:08:33,bubble look like 
172,Is this what a bubble looks like?,2020-06-08 17:09:12,bubble look like 
173,Is this what a bubble looks like?,2020-06-08 17:09:33,bubble look like 
174,Why are people still bullish on Zoom Video Communications (ZM)? Am I delusional..,2020-06-10 12:23:31,people still bullish zoom video communication zm delusional 
175,"Need some advice as a beginner, as my emotions are getting into this...",2020-06-10 12:53:19,need advice beginner emotion getting 
176,How legit is this strategy? Calendar spreads before earnings reports,2020-06-13 04:05:10,legit strategy calendar spread earnings report 
177,"Stock watch List June 15, 2020",2020-06-15 08:46:06,stock watch list june 15 2020 
178,"Stock watch List June 15, 2020",2020-06-15 08:46:18,stock watch list june 15 2020 
179,A primer on valuing publicly traded growth-stage companies.,2020-06-15 14:34:26,primer valuing publicly traded growth stage company 
180,Will we ever see the March lows again? FUNDAMENTAL DD INSIDE,2020-06-16 07:30:23,ever see march low fundamental dd inside 
181,When to take profits?,2020-06-16 11:09:59,take profit 
182,Think or Swim P/L Inaccuracy,2020-06-17 11:53:38,think swim inaccuracy 
183,Thoughts on ZM among others in the near future,2020-06-19 00:46:11,thought zm among others near future 
184,"Before You ""YOLO"" LCDX Do Your Damn Research",2020-06-19 12:31:40,yolo lcdx damn research 
185,Stock tips - Trading on Breakouts,2020-06-19 15:24:17,stock tip trading breakout 
186,Zoom (ZM) stock analysis. Put option volume increasing dramatically,2020-06-20 13:41:02,zoom zm stock analysis put option volume increasing dramatically 
187,"Rebuttal to ""Zoom (ZM) stock analysis"" with an actual analysis",2020-06-21 03:56:21,rebuttal zoom zm stock analysis actual analysis 
188,"Rebuttal to ""Zoom (ZM) stock analysis"" with an actual analysis",2020-06-21 08:17:07,rebuttal zoom zm stock analysis actual analysis 
189,"Posting to answer some common/repeated questions to answer all who have approached me for options (day) trading after my Posts A, B and C",2020-06-21 18:19:53,posting answer common repeated question answer approached option day trading post 
190,Making the switch to ETFs... here are my potential holdings. Let‚Äôs find gold,2020-06-21 23:12:13,making switch etf potential holding let find gold 
191,Who‚Äôs got some $ZM porn?,2020-06-22 12:19:56,got zm porn 
192,$zm can someone who is bullish on zoom give a reason as to why they believe zoom is a good investment?,2020-06-23 06:56:00,zm someone bullish zoom give reason believe zoom good investment 
193,"What are ""Contingent Income Auto-Callable Securities"" M.S. about to sell on $ZM ?",2020-06-23 23:23:30,contingent income auto callable security sell zm 
194,Significant Insider Trading Activity (Last 7 Days),2020-06-25 13:42:03,significant insider trading activity last day 
195,"Stock watch List June 26, 2020",2020-06-26 08:46:21,stock watch list june 26 2020 
196,My 32p DKNG might print today,2020-06-26 12:47:49,32p dkng might print today 
197,Help a noobie not fudge this up!,2020-06-29 22:09:44,help noobie fudge 
198,2 months back at trading (update) and some new questions,2020-06-30 23:12:55,month back trading update new question 
199,[Chart] Voodoo & [Options] Chains - $PLNT,2020-07-01 15:34:15,chart voodoo option chain plnt 
200,Stock Watch List July 2,2020-07-02 08:42:19,stock watch list july 
201,How do you know when to sell?,2020-07-02 10:20:12,know sell 
202,ZM - How it Compares by Market Cap,2020-07-02 19:29:51,zm compare market cap 
203,Q2 Update from the Desk of Jerome Powell,2020-07-05 16:57:32,q2 update desk jerome powell 
204,Did you see the woman in the red dress two weeks later?,2020-07-08 16:44:32,see woman red dress two week later 
205,COVID DEATHS VS THE MARKET,2020-07-08 22:29:26,covid death v market 
206,Stock valuations compared to the past,2020-07-09 04:00:24,stock valuation compared past 
207,I am going to build a near real-time stock news database/API. Collecting YOUR feature requests,2020-07-09 09:12:02,going build near real time stock news database api collecting feature request 
208,Help me consolidate my portfolio of over 70 companies!,2020-07-12 17:42:29,help consolidate portfolio 70 company 
209,Top Gun Of Retardation.,2020-07-14 12:20:15,top gun retardation 
210,The trick to keep Stonks going up again and again,2020-07-14 15:22:59,trick keep stonks going 
211,Thoughts on 50% ZM / 50% GLD,2020-07-15 01:49:45,thought 50 zm 50 gld 
212,"Tesla Hit a New High. No, It Was TLSA. Confused?",2020-07-16 01:02:52,tesla hit new high tlsa confused 
213,"Stock Watch List July 16, 2020",2020-07-16 08:45:09,stock watch list july 16 2020 
214,"Since fundamentals and earnings don't matter in this market, how are you identifying short term opportunities?",2020-07-17 19:08:16,since fundamental earnings matter market identifying short term opportunity 
215,Not Crazily priced stocks,2020-07-19 13:07:20,crazily priced stock 
216,"Stock Analysis: NIO, AMD, TEAM, ZM and More! | ""I Take Requests"" for the Week of July 20th, 2020",2020-07-20 13:26:38,stock analysis nio amd team zm take request week july 20th 2020 
217,What is everyone buying today?,2020-07-24 10:56:41,everyone buying today 
218,Long DBX into earnings?,2020-07-27 09:19:43,long dbx earnings 
219,What are your sticky cloud stocks?,2020-07-28 14:17:57,sticky cloud stock 
220,"""Strike it big stocks for the next decade"", year 1 retrospective",2020-07-30 03:25:45,strike big stock next decade year retrospective 
221,Pre-Earnings Discussion: Dropbox (DBX),2020-08-03 02:50:38,pre earnings discussion dropbox dbx 
222,TRADE OF THE DAY: Zoom ($ZM) 252.5/255 Vertical Debit Call Spread 4SEP [08/03/20],2020-08-03 09:21:58,trade day zoom zm 252 255 vertical debit call spread 4sep 08 03 20 
223,No strategy but going strong?,2020-08-04 00:39:27,strategy going strong 
224,Sector Rotation and Positioning,2020-08-10 00:37:33,sector rotation positioning 
225,TRADE OF THE DAY: AMD ($AMD) Sell $60 Put 25SEP (Cash-Secured Put) [08/11/20],2020-08-11 09:01:11,trade day amd amd sell 60 put 25sep cash secured put 08 11 20 
226,Zoom Video (ZM) Stock Plunges After Salesforce Sells Stake,2020-08-11 12:34:22,zoom video zm stock plunge salesforce sell stake 
227,gonna start building a Biden/Harris strategy,2020-08-12 15:41:02,gon na start building biden harris strategy 
228,"Interview with US Investing Champion Leif Soreide (Tips for Stock Selection, Entries/Exits, and Risk Management)",2020-08-17 18:04:21,interview u investing champion leif soreide tip stock selection entry exit risk management 
229,Many years of browsing with the boys but like y‚Äôall getting jaded,2020-08-18 23:45:42,many year browsing boy like getting jaded 
230,Why $WORK is the next meme stock that‚Äôs heading to the moon,2020-08-27 11:14:16,work next meme stock heading moon 
231,"How I applied Buffet's strategies to my own portfolio, +70% networth, beat SP500 by 40%",2020-08-27 21:58:08,applied buffet strategy portfolio 70 networth beat sp500 40 
232,"Wall Street Week Ahead for the trading week beginning August 31st, 2020",2020-08-28 17:18:45,wall street week ahead trading week beginning august 31st 2020 
233,"Wall Street Week Ahead for the trading week beginning August 31st, 2020",2020-08-29 08:48:38,wall street week ahead trading week beginning august 31st 2020 
234,"Wall Street Week Ahead for the trading week beginning August 31st, 2020",2020-08-29 08:50:06,wall street week ahead trading week beginning august 31st 2020 
235,Philly's Weekly Watchlist 8/30,2020-08-30 15:22:42,philly weekly watchlist 30 
236,"Here is a Market Recap for today, Monday, Aug 31!",2020-08-31 16:40:52,market recap today monday aug 31 
237,Can someone explain why ZM rose so much today?,2020-08-31 23:08:19,someone explain zm rose much today 
238,Stock Market Live Updates 01/09 - ZM Stock Surges,2020-09-01 03:34:18,stock market live update 01 09 zm stock surge 
239,"Stock Watch List September 1, 2020",2020-09-01 08:44:41,stock watch list september 2020 
240,ZM 5246% up,2020-09-01 12:39:29,zm 5246 
241,"Hey! Here is a Market Recap for today, Sept 1",2020-09-01 16:32:20,hey market recap today sept 
242,"If This Won‚Äôt Get You Unbanned, What Will? (WSB SACIRIFICE)",2020-09-01 19:09:04,get unbanned wsb sacirifice 
243,Find affordable calls,2020-09-01 19:52:29,find affordable call 
244,Giving back some tendies,2020-09-02 09:20:00,giving back tendies 
245,Another 250% Option Play,2020-09-02 20:08:05,another 250 option play 
246,"Stock Watch List September 3, 2020",2020-09-03 08:45:41,stock watch list september 2020 
247,Zoom Crushes It by All Measures... Where Does It Go From Here?,2020-09-03 11:27:32,zoom crush measure go 
248,Zoom Crushes It by All Measures... Where Does It Go From Here?,2020-09-03 11:28:09,zoom crush measure go 
249,I bought a zoom put after their earnings went through the roof.,2020-09-03 19:58:24,bought zoom put earnings went roof 
250,Playlist Sept 4 2020,2020-09-04 09:18:41,playlist sept 2020 
251,"Unusual Options Activity Summary for the week: SNAP, PTON, FB, DDOG, DISH, DD, SMAR",2020-09-06 09:16:56,unusual option activity summary week snap pton fb ddog dish dd smar 
252,Other (Better) ways to play earnings,2020-09-07 15:20:34,better way play earnings 
253,"Stock Watch List September 9, 2020",2020-09-09 08:40:04,stock watch list september 2020 
254,"Stock Watch List September 10, 2020",2020-09-10 08:44:24,stock watch list september 10 2020 
255,Why Do SPACs hold market dips so well?,2020-09-10 18:33:20,spacs hold market dip well 
256,How to predict the next ten year?,2020-09-13 06:03:49,predict next ten year 
257,"Stock Watch List September 15, 2020",2020-09-15 08:44:41,stock watch list september 15 2020 
258,How to be Wrong and Still Make Money: A comprehensive guide to selling credit spreads,2020-09-16 15:46:57,wrong still make money comprehensive guide selling credit spread 
259,"Stock Watch List September 18, 2020",2020-09-18 08:46:18,stock watch list september 18 2020 
260,9/18 Watchlist,2020-09-18 09:25:16,18 watchlist 
261,HOT STOCKS OF THE WEEK | ZM TECK TSLA INO SGMS,2020-09-20 15:04:56,hot stock week zm teck tsla ino sgms 
262,"Stock Watch List September 22, 2020",2020-09-22 08:46:57,stock watch list september 22 2020 
263,"Stock Watch List September 24, 2020",2020-09-24 08:46:02,stock watch list september 24 2020 
264,Stock Competition Update: 3 months in,2020-09-24 17:26:25,stock competition update month 
265,Which stock might react to quarterly window dressing?,2020-09-27 17:49:01,stock might react quarterly window dressing 
266,"Stock Watch List September 28, 2020",2020-09-28 08:45:31,stock watch list september 28 2020 
267,ZM and SNOW who is still buying?? ZM CEO just cashed in!,2020-09-28 18:10:07,zm snow still buying zm ceo cashed 
268,Investing in ETFs,2020-09-29 11:46:06,investing etf 
269,"Stock Watch List September 30, 2020",2020-09-30 08:42:43,stock watch list september 30 2020 
270,Inexpensive LEAPs on Cannabis Stocks,2020-09-30 12:40:51,inexpensive leap cannabis stock 
271,"Draft for Electric truck player HYLN ""IPO"" and DD",2020-10-01 21:34:10,draft electric truck player hyln ipo dd 
272,"Electric truck player HYLN ""IPO"" and DD",2020-10-02 07:30:55,electric truck player hyln ipo dd 
273,"Electric truck player HYLN ""IPO"" and DD",2020-10-02 13:00:51,electric truck player hyln ipo dd 
274,Disruptive companies?,2020-10-02 21:00:23,disruptive company 
275,Day Trading Playlist Oct. 7 2020,2020-10-07 09:19:03,day trading playlist oct 2020 
276,"Stock Watch List October 8, 2020",2020-10-08 08:46:58,stock watch list october 2020 
277,"Stock Watch List October 9, 2020",2020-10-09 08:46:08,stock watch list october 2020 
278,A question from an outsider,2020-10-10 18:40:36,question outsider 
279,"Stock Watch List October 12, 2020",2020-10-12 08:47:15,stock watch list october 12 2020 
280,Peloton Goes Parabolic,2020-10-12 15:47:40,peloton go parabolic 
281,"Market Recap - Monday October 12, PLEASE ENJOY!",2020-10-12 16:29:16,market recap monday october 12 please enjoy 
282,Market Recap - Monday October 12 PLEASE ENJOY!!,2020-10-12 16:30:22,market recap monday october 12 please enjoy 
283,"Stock watch List October 14, 2020",2020-10-14 08:45:18,stock watch list october 14 2020 
284,France is considering a 8pm curfew starting from tomorrow: which stocks would you invest in if more countries slowly moved towards a second lockdown?,2020-10-14 12:59:57,france considering 8pm curfew starting tomorrow stock would invest country slowly moved towards second lockdown 
285,"Here is a Market Recap for today Thurs, Oct 15, 2020. Please enjoy!",2020-10-15 16:06:13,market recap today thurs oct 15 2020 please enjoy 
286,"Here is a Market Recap for today Thurs, Oct 15, 2020. Please enjoy!",2020-10-15 17:45:14,market recap today thurs oct 15 2020 please enjoy 
287,Recovery stocks are the obvious play from here.,2020-10-15 17:59:38,recovery stock obvious play 
288,"Nearly $10,000 loss today trying to short the $PTON, $SNAP, and $ZM steamrollers. Is this the way?",2020-10-15 18:07:06,nearly 10 00 loss today trying short pton snap zm steamroller way 
289,"Stock Watch List October 16, 2020",2020-10-16 08:45:34,stock watch list october 16 2020 
290,$NOK time again!,2020-10-17 18:05:04,nok time 
291,Everything Is Priced In: Let's calculate how much growth Zoom and Tesla have priced in,2020-10-18 16:41:31,everything priced let calculate much growth zoom tesla priced 
292,"Stock Watch List October 19, 2020",2020-10-19 08:44:56,stock watch list october 19 2020 
293,"Stock Watchlist / Idea Mon Oct 19, 2020",2020-10-19 08:45:00,stock watchlist idea mon oct 19 2020 
294,"Stock Watchlist / Idea Mon Oct 19, 2020",2020-10-19 08:52:36,stock watchlist idea mon oct 19 2020 
295,new highs new lows,2020-10-19 12:05:55,new high new low 
296,"Stock Watchlist Part 2. Tue. Oct, 20",2020-10-20 08:37:59,stock watchlist part tue oct 20 
297,"Holding ~5% cash in my portfolio for a ‚Äúrainy day‚Äù (eg, market correction). Arguments pro or con?",2020-10-20 15:03:39,holding cash portfolio rainy day eg market correction argument pro con 
298,Zoom stock(ZM),2020-10-21 16:18:07,zoom stock zm 
299,"$5,000.00 Loss in a Month",2020-10-23 15:16:08,00 00 loss month 
300,Advice for young environmentally & socially-conscious investors?,2020-10-25 18:40:49,advice young environmentally socially conscious investor 
301,"Stock Watch List October 28, 2020",2020-10-28 08:46:03,stock watch list october 28 2020 
302,"Stock Watch List October 30, 2020",2020-10-30 08:44:20,stock watch list october 30 2020 
303,Election Week Predictions,2020-11-01 01:31:16,election week prediction 
304,"No solid foundations this week, stay flexible",2020-11-01 21:09:18,solid foundation week stay flexible 
305,"Stock Watch List For November 4, 2020",2020-11-04 08:46:33,stock watch list november 2020 
306,"Stock Watch List November 5, 2020",2020-11-05 08:35:13,stock watch list november 2020 
307,FOMO got the better of me,2020-11-05 14:51:30,fomo got better 
308,"At this point, if you still haven't made your first 100k yet, you might as well quit",2020-11-05 17:31:19,point still made first 100k yet might well quit 
309,"What is a True Market Leader (TML) + And how to find them? (Ex. SHOP 2016-2020, ZM 2020, AAPL 2005-2012",2020-11-07 10:42:28,true market leader tml find ex shop 2016 2020 zm 2020 aapl 2005 2012 
310,"What is a True Market Leader (TML) + And how to find them? (Ex. SHOP 2016-2020, ZM 2020, AAPL 2005-2012",2020-11-07 19:03:07,true market leader tml find ex shop 2016 2020 zm 2020 aapl 2005 2012 
311,I used a web-scraper and Python to compile the average portfolio of the quarterly thread:,2020-11-08 20:19:50,used web scraper python compile average portfolio quarterly thread 
312,Phillys Weekly Watchlist. Its been awhile! [Long list ],2020-11-08 22:32:34,phillys weekly watchlist awhile long list 
313,"I've been selling 0.2 delta 14 DTE put spreads on ""covid proof"" stocks.",2020-11-09 08:06:30,selling delta 14 dte put spread covid proof stock 
314,"Stock Watch List November 9, 2020",2020-11-09 08:41:18,stock watch list november 2020 
315,"After testing support at $412.29, $ZM was able to bounce and is now testing key level of $446.50. If stock breaks to upisde, levels are $461.6, $471, $483.71. Stock is 11% down",2020-11-09 11:58:02,testing support 412 29 zm able bounce testing key level 446 50 stock break upisde level 461 471 483 71 stock 11 
316,"PsychoMarket Recap - Monday, November 9, 2020",2020-11-09 16:12:50,psychomarket recap monday november 2020 
317,"Pandemic 'stay at home stocks' like Peloton, Zoom, Roku tank on Pfizer vaccine news‚Äîis it an overreaction?",2020-11-09 21:41:37,pandemic stay home stock like peloton zoom roku tank pfizer vaccine news overreaction 
318,LexaGene ($LXXGF or $LXG) Automated Rapid Pathogen Detection System,2020-11-10 07:38:37,lexagene lxxgf lxg automated rapid pathogen detection system 
319,Overreaction?,2020-11-10 09:52:42,overreaction 
320,"Zoom Share Price | Zoom Stock Chart. ISIN: US98980L1017 | Symbol: ZM | Type: Ordinary Shares. Real-time shares price updates for Zoom, technical analysis and fundamental analysis.",2020-11-10 11:49:52,zoom share price zoom stock chart isin us98980l1017 symbol zm type ordinary share real time share price update zoom technical analysis fundamental analysis 
321,What stocks have the same insane premium to stock price ratio as ZM?,2020-11-12 14:04:35,stock insane premium stock price ratio zm 
322,"The Most Popular Tickers on Reddit for Today, 2020-11-14",2020-11-14 21:08:46,popular ticker reddit today 2020 11 14 
323,"Which one of you got put in charge of the largest U.S Pension? CALPERS buys hundreds of thousands of shares in NKLA, NIO, and ZM",2020-11-15 16:58:06,one got put charge largest pension calpers buy hundred thousand share nkla nio zm 
324,"Stock Watch List November 16, 2020",2020-11-16 08:40:32,stock watch list november 16 2020 
325,"Here is a Market Recap for today Monday, Nov 16, 2020. Please enjoy!",2020-11-16 16:03:10,market recap today monday nov 16 2020 please enjoy 
326,Stock Watch List - Nov 17 2020 ($NFLX $QDEL $SNAP $PLUG $ETSY $ZM $QCOM $AMD $RKT $AAPL $PINS $GM $TSLA),2020-11-17 01:52:05,stock watch list nov 17 2020 nflx qdel snap plug etsy zm qcom amd rkt aapl pin gm tsla 
327,Stock Watch List - Nov 18 2020 ($BABA $QDEL $NFLX $FSLY $ZM $DKNG $KSS $TWLO $QCOM $RUN $PTON $EXPE),2020-11-18 01:46:15,stock watch list nov 18 2020 baba qdel nflx fsly zm dkng ks twlo qcom run pton expe 
328,Beginners luck...,2020-11-18 13:36:56,beginner luck 
329,Watchlist 11-19-20 üëÄ,2020-11-18 21:53:13,watchlist 11 19 20 
330,Watchlist 11-19-20 üëÄ,2020-11-18 21:55:25,watchlist 11 19 20 
331,Swing and daytrading mostly naked options,2020-11-20 01:46:35,swing daytrading mostly naked option 
332,"The Most Popular Tickers on Reddit for Today, 2020-11-20.",2020-11-20 17:30:14,popular ticker reddit today 2020 11 20 
333,ZM Speculation Double D's,2020-11-20 19:25:40,zm speculation double 
334,Dr. Michael Burry is gonna iLUMNate your portfolio with tendies.,2020-11-20 22:34:47,dr michael burry gon na ilumnate portfolio tendies 
335,November 23rd | Templar Trading Daily Watchlist,2020-11-23 07:55:24,november 23rd templar trading daily watchlist 
336,November 23rd | Templar Trading Daily Watchlist,2020-11-23 08:14:38,november 23rd templar trading daily watchlist 
337,"Here is a Market Recap for today Monday, November 23, 2020. PLease enjoy!",2020-11-23 16:25:52,market recap today monday november 23 2020 please enjoy 
338,"Here is a Market Recap for today Tuesday, Nov 24, 2020. Please enjoy!",2020-11-24 16:55:15,market recap today tuesday nov 24 2020 please enjoy 
339,"Stock Watch List November 25, 2020",2020-11-25 08:40:06,stock watch list november 25 2020 
340,Gains from me mums ashes,2020-11-25 09:56:27,gain mum ash 
341,"Take your winnings and switch tables - NIO, BLNK, LI, XPEV, etc to BABA, GME, FSLY, OSTK",2020-11-25 11:57:35,take winning switch table nio blnk li xpev etc baba gme fsly ostk 
342,"Real Institutional DD for you losers, how to play this market",2020-11-25 13:40:36,real institutional dd loser play market 
343,"Stock Watch List November 27, 2020",2020-11-27 08:45:21,stock watch list november 27 2020 
344,"Wall Street Week Ahead for the trading week beginning November 30th, 2020",2020-11-28 10:24:47,wall street week ahead trading week beginning november 30th 2020 
345,"Wall Street Week Ahead for the trading week beginning November 30th, 2020",2020-11-28 10:29:20,wall street week ahead trading week beginning november 30th 2020 
346,"Wall Street Week Ahead for the trading week beginning November 30th, 2020",2020-11-28 10:30:39,wall street week ahead trading week beginning november 30th 2020 
347,"Stock Watch List November 30, 2020",2020-11-30 08:43:31,stock watch list november 30 2020 
348,"Stock Watch List December 1, 2020",2020-12-01 08:44:08,stock watch list december 2020 
349,"Here is a Market Recap for today Tuesday, December 1, 2020",2020-12-01 16:00:00,market recap today tuesday december 2020 
350,"TOP 3 OVERSOLD STOCKS IM BUYING! | BABA,NIO,ZM üìà",2020-12-01 20:20:13,top oversold stock im buying baba nio zm 
351,"$157K to $757K (and $50K loss today): ZM, PRPL, FMCI .... and now two YOLOs to $1MM+ ... IPOB and OAC",2020-12-01 21:16:03,157k 757k 50k loss today zm prpl fmci two yolos 1mm ipob oac 
352,Coming Back to Electric Truck Player Hyliion (HYLN) - and DD,2020-12-07 21:39:08,coming back electric truck player hyliion hyln dd 
353,Bubble??,2020-12-09 13:33:33,bubble 
354,I just got in on the ABNB IPO via the Directed Shares for Hosts. How would you handle it?,2020-12-09 21:05:59,got abnb ipo via directed share host would handle 
355,LUMN - getting ready for breakout,2020-12-09 23:57:51,lumn getting ready breakout 
356,What are your favorite sources for tracking the market?,2020-12-15 18:43:56,favorite source tracking market 
357,My dad actually subscribed to Motley Fool ~2 years ago. And has a 62% return so far.,2020-12-18 20:48:53,dad actually subscribed motley fool year ago 62 return far 
358,"Stock Watch List For December 21, 2020",2020-12-21 08:45:23,stock watch list december 21 2020 
359,Portfolio of 19 stocks. What should be my 20th?,2020-12-21 19:52:45,portfolio 19 stock 20th 
360,"Tips/suggestiosn for my portfolio? 30 years old, started investing 1 year ago",2020-12-22 08:02:17,tip suggestiosn portfolio 30 year old started investing year ago 
361,How to spot an explosive breakout,2020-12-22 14:46:00,spot explosive breakout 
362,Any hope for Zoom?,2020-12-22 20:05:37,hope zoom 
363,Help in Understanding Gamma Exposure (GEX),2020-12-27 00:04:43,help understanding gamma exposure gex 
364,Bear case on ARK etfs?,2020-12-27 13:23:49,bear case ark etf 
365,Investing Untangled - My new YouTube channel focussed on value investing,2020-12-28 15:39:32,investing untangled new youtube channel focussed value investing 
366,Right exit strategy,2020-12-28 16:17:54,right exit strategy 
367,What is over diverstified portfolio?,2020-12-29 15:45:29,diverstified portfolio 
368,"Down 19% on $140,000 investment in $ZM (Zoom) stock. What is your investor sentiment on its mid-long term trajectory?",2021-01-01 17:49:24,19 140 00 investment zm zoom stock investor sentiment mid long term trajectory 
369,"How did you find these stocks, decided entry/exit points, investment amount in 2020 and what is on your buy and hold list for 2021 for growth?",2021-01-02 02:48:01,find stock decided entry exit point investment amount 2020 buy hold list 2021 growth 
370,"Market went down today due to virus fears, but these stock rose up.",2021-01-05 02:00:18,market went today due virus fear stock rose 
371,Cant you use leaps expiring next week to your advantage?,2021-01-07 21:51:33,cant use leap expiring next week advantage 
372,Inflation + Stimulus = Buy Shipping (Discussion),2021-01-08 21:49:29,inflation stimulus buy shipping discussion 
373,Small Cap opportunities for 2021,2021-01-09 13:02:01,small cap opportunity 2021 
374,My first attempt to analyze chart and maybe I found anomaly!,2021-01-10 14:02:54,first attempt analyze chart maybe found anomaly 
375,Why I think Motley Fool is a legitimate resource for stock picking,2021-01-11 13:25:29,think motley fool legitimate resource stock picking 
376,$TAUG Tauriga Sciences Inc. Renews its Status as an Affiliate Vendor to the National Association of College Stores,2021-01-12 15:28:32,taug tauriga science inc renews status affiliate vendor national association college store 
377,"Zoom Puts are Free Money, DD Inside",2021-01-13 21:06:57,zoom put free money dd inside 
378,"Stock Watch List For January 15, 2021",2021-01-15 08:45:26,stock watch list january 15 2021 
379,Premium Sellers ü•≥,2021-01-18 18:00:34,premium seller 
380,AAPL is planning a new ad-free podcasting subscription service to increase podcaster revenue. This could force SPOT‚Äôs hand to follow suit,2021-01-20 15:20:48,aapl planning new ad free podcasting subscription service increase podcaster revenue could force spot hand follow suit 
381,Cloud Based Stocks - Some thoughts on Moovly Media (TSXV: MVY),2021-01-24 12:12:17,cloud based stock thought moovly medium tsxv mvy 
382,Blackberry (BB) Strategic Analysis using Options,2021-01-24 15:00:01,blackberry bb strategic analysis using option 
383,Since everyone seems to be an expert on gamma squeezes...,2021-01-24 19:58:44,since everyone seems expert gamma squeeze 
384,QSAM Biosciences Closes Series B Preferred Private Placement; $2.5 Million in New Capital to Fund Upcoming Clinical Trials,2021-01-28 15:11:56,qsam bioscience close series preferred private placement million new capital fund upcoming clinical trial 
385,Is ZM the next big thing??,2021-01-31 07:55:59,zm next big thing 
386,$SPCE potentially an interesting sideshow üëÄüëÄ,2021-02-01 17:39:52,spce potentially interesting sideshow 
387,DDDD - Is GME being Illegally Naked Short Sold?,2021-02-02 03:59:55,dd gme illegally naked short sold 
388,"Emotional investing, lack of research & shilling",2021-02-02 05:37:15,emotional investing lack research shilling 
389,Understanding Debit Spreads,2021-02-06 17:51:50,understanding debit spread 
390,Fidelity Investments Sold Its Entire Stake in GameStop. Time to realize it‚Äôs not WSB vs Wall St and move on with your life,2021-02-10 14:25:15,fidelity investment sold entire stake gamestop time realize wsb v wall st move life 
391,$GMEV: Hydroponics + Vertical Farming = Investment to Mars!,2021-02-11 19:14:24,gmev hydroponics vertical farming investment mar 
392,Should I be looking at ETF‚Äôs for long term? Any advice would be awesome. Thanks,2021-02-14 01:58:09,looking etf long term advice would awesome thanks 
393,Does anyone else think a catastrophic market crash is NOT coming anytime soon?,2021-02-14 09:01:42,anyone else think catastrophic market crash coming anytime soon 
394,ZM play,2021-02-18 15:33:05,zm play 
395,Ray Dalio's hedge fund unloaded its stake in Tesla and poured millions into Goldman Sachs and JPMorgan in the 4th-quarter.... Blackberry,2021-02-19 09:20:46,ray dalio hedge fund unloaded stake tesla poured million goldman sachs jpmorgan 4th quarter blackberry 
396,NEW TRADERS: The internet is loaded with bad advice on buying individual stocks‚Äîyour core portfolio should be built on old principles,2021-02-19 13:08:19,new trader internet loaded bad advice buying individual stock core portfolio built old principle 
397,"Daily Play, Yesterday it was better to go with the defensive play, today I will also have 2 picks in case market goes red, we must rotate sectors if there is correction",2021-02-23 07:03:07,daily play yesterday better go defensive play today also pick case market go red must rotate sector correction 
398,"Ideas and plays in case we have a correction, a good thesis on why the correction as well. Good luck!",2021-02-23 07:11:17,idea play case correction good thesis correction well good luck 
399,Has this really happened,2021-02-26 02:44:09,really happened 
400,$IMII ‚Äì Inception Mining Inc. ‚Äì A Profitable Gold-Mining Penny Stock??,2021-02-26 12:47:40,imii inception mining inc profitable gold mining penny stock 
401,"ZM, NVAX, OKTA, SE, LMND, FUBO, NIO Stock Earnings & More This Week!",2021-02-28 14:28:41,zm nvax okta se lmnd fubo nio stock earnings week 
402,"Expected moves for the week, SPY, Zoom, NIO, Snowflake, Slack and more.",2021-02-28 17:36:03,expected move week spy zoom nio snowflake slack 
403,(3/2) Tuesday's Pre-Market Stock Movers & News,2021-03-02 08:40:43,tuesday pre market stock mover news 
404,(3/2) Tuesday's Pre-Market Stock Movers & News,2021-03-02 08:42:04,tuesday pre market stock mover news 
405,"Game Plan for March 2, 2021",2021-03-02 08:46:44,game plan march 2021 
406,"Here is a Market Recap for today Tuesday, March 2, 2021. Please enjoy!",2021-03-02 16:44:51,market recap today tuesday march 2021 please enjoy 
407,"Here is a Market Recap for today, Tuesday, March 2, 2021. Please enjoy!",2021-03-02 16:45:20,market recap today tuesday march 2021 please enjoy 
408,"Here is a Market Recap for today Tuesday, March 2, 2021. Please enjoy!",2021-03-02 16:46:00,market recap today tuesday march 2021 please enjoy 
409,Cathie Wood ArkInvest 03/02 | ARK ETFs Briefing | Buy Buy Buy,2021-03-03 03:22:25,cathie wood arkinvest 03 02 ark etf briefing buy buy buy 
410,Interesting summary from the NYT Dealbook on SPAC structures evolving,2021-03-03 08:50:09,interesting summary nyt dealbook spac structure evolving 
411,CCL will sink in 2021 like their aging ships,2021-03-04 12:17:56,ccl sink 2021 like aging ship 
412,Where is SNOW heading?,2021-03-04 18:23:22,snow heading 
413,"Cathie's most bought / sold stocks this week (as % of ETF). Top buys: ZM, TSLA, TDOC. Top sells: TSM, PYPL, FB. (PLTR 11th most bought stock this week!)",2021-03-06 05:21:07,cathie bought sold stock week etf top buy zm tsla tdoc top sell tsm pypl fb pltr 11th bought stock week 
414,"Here is a Market Recap for today Monday, March 8, 2021.",2021-03-08 16:37:09,market recap today monday march 2021 
415,"Here is a Market Recap for today Monday, March 8, 2021.",2021-03-08 16:39:09,market recap today monday march 2021 
416,Buy the dip growth candidates,2021-03-08 23:57:34,buy dip growth candidate 
417,Pandemic-proof stocks?,2021-03-09 15:05:24,pandemic proof stock 
418,Pandemic proof stocks?,2021-03-09 16:14:06,pandemic proof stock 
419,Great presentation by Innoviz ($CGRO),2021-03-10 02:06:23,great presentation innoviz cgro 
420,Me looking back at all the stocks that I have owned a year ago,2021-03-10 20:11:06,looking back stock owned year ago 
421,Short interest: Enough for GME?,2021-03-11 05:39:14,short interest enough gme 
422,"IlLUMNated? Who Wins and Loses When Autists, Christian Bale and Tendies Collide?",2021-03-11 23:13:36,illumnated win loses autists christian bale tendies collide 
423,$ZOM sells first Truforma unit,2021-03-16 08:28:01,zom sell first truforma unit 
424,Will Mid-Summer Be Prime for Covid Plays Again,2021-03-17 00:55:13,mid summer prime covid play 
425,Applying Occum's razor to the stock market,2021-03-17 07:18:32,applying occum razor stock market 
426,"Game Plan for March 17, 2021",2021-03-17 09:12:32,game plan march 17 2021 
427,"$MITC First Public Cultured Meat Company, Meatech 3D",2021-03-18 11:37:35,mitc first public cultured meat company meatech 3d 
428,BNGO Earnings Likely Outcomes (could b wrong),2021-03-21 19:27:56,bngo earnings likely outcome could wrong 
429,Handling of Vertical Put Spread (Debit),2021-03-22 20:23:50,handling vertical put spread debit 
430,"Your Mom's Game Plan for March 24, 2021",2021-03-24 09:06:20,mom game plan march 24 2021 
431,(3/26) Friday's Pre-Market Stock Movers & News,2021-03-26 08:27:56,26 friday pre market stock mover news 
432,(3/26) Friday's Pre-Market Stock Movers & News,2021-03-26 08:29:09,26 friday pre market stock mover news 
433,"Dissecting the SPACrash: Growth, Rising Yields, and the Rotation to Value (long post)",2021-04-01 17:09:49,dissecting spacrash growth rising yield rotation value long post 
434,"MCI-MCIC, The TuSimple IPO, and how to profit off retards",2021-04-13 17:47:05,mci mcic tusimple ipo profit retard 
435,"Diversification, Questions about ETFs: STOCKS (VTI/IVOG/VONG)",2021-04-21 22:10:56,diversification question etf stock vti ivog vong 
436,My $ZM DD was on point and you can still profit from it!,2021-04-28 18:50:28,zm dd point still profit 
437,2021 Stock Draft,2021-04-29 21:02:36,2021 stock draft 
438,Why the stock market is falling now.,2021-05-13 09:33:21,stock market falling 
439,"Pension Fund Trims GME Holdings, But Not By Much! How About An AMA With Pension Funds Managers?",2021-05-22 17:54:11,pension fund trim gme holding much ama pension fund manager 
440,Buy Zoom (ZM) Stock Down 40% Before Q1 Earnings?,2021-05-27 20:02:31,buy zoom zm stock 40 q1 earnings 
441,$Z will disrupt most aspects of the industry that has one of the biggest addressable markets (TAM),2021-05-31 17:02:59,disrupt aspect industry one biggest addressable market tam 
442,"Larry Cheung, CFA - Zoom (ZM) Stock Analysis 2021",2021-05-31 18:45:32,larry cheung cfa zoom zm stock analysis 2021 
443,"Larry Cheung, CFA - Zoom (ZM) Stock Analysis 2021",2021-05-31 18:46:23,larry cheung cfa zoom zm stock analysis 2021 
444,"Cleanest Options Flow from Last Week - Setups going into Next Week - QQQ, CRWD, ARKK, PAGS, ZM, ABNB",2021-05-31 22:36:46,cleanest option flow last week setup going next week qq crwd arkk pags zm abnb 
445,"Here is a Market Recap for today Wednesday, June 2, 2021",2021-06-02 16:41:23,market recap today wednesday june 2021 
446,Post earnings insight shows possible upside for $ZM,2021-06-03 10:16:46,post earnings insight show possible upside zm 
447,Twilio still down from the end of April?,2021-06-04 13:27:04,twilio still end april 
448,"Cleanest + Repeated Options Flow Plays Series # 3 - AMC, CLNE, FUBO, ARKK. FB, FUTU, JMIA",2021-06-06 19:52:30,cleanest repeated option flow play series amc clne fubo arkk fb futu jmia 
449,Don't Look Now But ZM About To Zoom.,2021-06-10 13:13:29,look zm zoom 
450,"The OG Stock Watch List June 11, 2021",2021-06-11 08:48:27,og stock watch list june 11 2021 
451,Recap of today's trading - 6/16,2021-06-16 18:38:41,recap today trading 16 
452,How To Find The Best Stocks to Invest In (A Beginner's Guide),2021-06-18 19:21:23,find best stock invest beginner guide 
453,Day Trading Options,2021-06-20 17:16:12,day trading option 
454,"Preparation for trading day - June 22, 2021",2021-06-22 07:57:02,preparation trading day june 22 2021 
455,Prediction Stocks movement for this week,2021-06-22 23:56:59,prediction stock movement week 
456,CLOV detailed DD,2021-06-23 02:18:49,clov detailed dd 
457,"My prediction results . AMD, PLTR , NIO who are the winners?",2021-06-23 10:41:38,prediction result amd pltr nio winner 
458,Day Trading Options,2021-06-23 21:31:26,day trading option 
459,"As a trader/investor there are bad days, weeks, months, even quarters.. We rarely have bad years, so please do not get down on yourself and remember we must live to see another day! Earnings season is coming in full swing and it will be judgement day!",2021-07-11 22:25:48,trader investor bad day week month even quarter rarely bad year please get remember must live see another day earnings season coming full swing judgement day 
460,"As a trader/investor there are bad days, weeks, months, even quarters.. We rarely have bad years, so please do not get down on yourself",2021-07-11 22:27:03,trader investor bad day week month even quarter rarely bad year please get 
461,Todays most active stock options $AMD $TSLA $F $ZM $TLRY,2021-07-29 12:18:33,today active stock option amd tsla zm tlry 
462,Important dates from my watch list.,2021-07-29 20:21:14,important date watch list 
463,"Wall Street Week Ahead for the trading week beginning August 9th, 2021",2021-08-06 19:03:30,wall street week ahead trading week beginning august 9th 2021 
464,"Wall Street Week Ahead for the trading week beginning August 9th, 2021",2021-08-06 19:04:19,wall street week ahead trading week beginning august 9th 2021 
465,Strategy Upon Market Correction,2021-08-22 14:59:58,strategy upon market correction 
466,"Stock Watch List August 26, 2021",2021-08-26 08:46:24,stock watch list august 26 2021 
467,Here's Your Daily Market Brief For August 26th,2021-08-26 08:51:56,daily market brief august 26th 
468,Reflection of 749 options trades in 2 years,2021-08-27 02:57:44,reflection 749 option trade year 
469,"Wall Street Week Ahead for the trading week beginning August 30th, 2021",2021-08-28 08:25:41,wall street week ahead trading week beginning august 30th 2021 
470,"Wall Street Week Ahead for the trading week beginning August 30th, 2021",2021-08-28 08:29:09,wall street week ahead trading week beginning august 30th 2021 
471,"Wall Street Week Ahead for the trading week beginning August 30th, 2021",2021-08-28 08:30:17,wall street week ahead trading week beginning august 30th 2021 
472,"Expected Moves SPY, USO. Earnings from ZM, CHWY, CRWD, DOCU.",2021-08-29 16:45:33,expected move spy uso earnings zm chwy crwd docu 
473,"Analyst‚Äôs Positive On Zoom (ZM) Stock Ahead of Earnings, Despite Concerns",2021-08-30 09:56:29,analyst positive zoom zm stock ahead earnings despite concern 
474,üö® ZOOM STOCK (ZM) JUST CRASHED AFTER EARNINGS,2021-08-30 19:10:03,zoom stock zm crashed earnings 
475,"Stock Watch List August 31, 2021",2021-08-31 08:47:40,stock watch list august 31 2021 
476,"Morning Update for Tuesday, 08/31/21",2021-08-31 08:47:54,morning update tuesday 08 31 21 
477,"Morning Update for Tuesday, 08/31/21",2021-08-31 08:49:03,morning update tuesday 08 31 21 
478,Zoom (ZM) Stock Falls 11% As Guidance Comes In Below Forecasts,2021-08-31 08:56:58,zoom zm stock fall 11 guidance come forecast 
479,Here's Your Daily Market Brief For August 31st,2021-08-31 09:12:24,daily market brief august 31st 
480,Here's Your Daily Market Brief For August 31st,2021-08-31 09:12:29,daily market brief august 31st 
481,Options Stock Ranker for Aug-31-2021,2021-08-31 16:21:08,option stock ranker aug 31 2021 
482,"PsychoMarket Recap - Tuesday, August 31, 2021",2021-08-31 16:36:58,psychomarket recap tuesday august 31 2021 
483,"PsychoMarket Recap - Tuesday, August 31, 2021",2021-08-31 16:37:58,psychomarket recap tuesday august 31 2021 
484,"@Reuters: ByteDance says it will downsize fintech business, plans to sell stock broker ops https://t.co/zmDVsmyLR8 https://t.co/gmu43i7qlJ",2021-09-02 04:07:37,USER bytedance say downsize fintech business plan sell stock broker ops URL URL 
485,"POLY, At a recent $32, the stock now trades for about 0.7 times anticipated revenue for the March 2023 fiscal year, and just under eight times projected profits for the same period. In comparison, Logitech International (LOGI), 22 times.",2021-09-02 10:59:40,poly recent 32 stock trade time anticipated revenue march 2023 fiscal year eight time projected profit period comparison logitech international logi 22 time 
486,"Zen Graphene with 'Paradigm Changing Applications' in Healthcare, Green Energy, and Materials Science",2021-09-02 13:13:12,zen graphene paradigm changing application healthcare green energy material science 
487,"Zen Graphene with 'Paradigm Changing Applications' in Healthcare, Green Energy, and Materials Science",2021-09-02 13:18:11,zen graphene paradigm changing application healthcare green energy material science 
488,Is this the end of ZOOM (ZM) Stock?,2021-09-04 22:31:33,end zoom zm stock 
489,What do you feel have been your 5 most profitable tickers this year? Whether it be from trades or long term hold and you still have not sold. This is a good way to brain storm and see if there is a way to broaden your watch list and get an idea of others' Winners.,2021-09-05 09:15:10,feel profitable ticker year whether trade long term hold still sold good way brain storm see way broaden watch list get idea others winner 
490,What do you feel have been your 5 most profitable tickers this year? Whether it be from trades or long term hold? Let us help each other,2021-09-05 09:19:06,feel profitable ticker year whether trade long term hold let u help 
491,Most expensive calls and most expensive puts (ATM premium/underlying price) for 145 tickers.,2021-09-07 07:15:09,expensive call expensive put atm premium underlying price 145 ticker 
492,Oil Producers and why I like $OXY,2021-09-14 11:29:00,oil producer like oxy 
493,Oil producers and my favorite from this sector,2021-09-14 11:33:47,oil producer favorite sector 
494,ZM DD (STFU Slim Jim Cramerrrr),2021-09-15 15:27:09,zm dd stfu slim jim cramerr 
495,Imagine you bought a crypto coin and wait for a rebound.This is a coin miner company.This may surprise you in the future.,2021-09-17 13:20:02,imagine bought crypto coin wait rebound coin miner company may surprise future 
496,How to Play the Current Market Drop,2021-09-19 14:51:59,play current market drop 
497,Current Market Providing Great Opportunities for both Small and Large Accounts,2021-09-19 14:54:21,current market providing great opportunity small large account 
498,"$ZM - Needham sees #Genesys and $KLTR as 'Plan B options' if $FIVN deal is derailed, remains cautious on stock",2021-09-21 11:26:03,zm needham see genesys kltr plan option fivn deal derailed remains cautious stock 
499,"Morning Update for Friday, 10/01/21",2021-10-01 08:43:06,morning update friday 10 01 21 
500,"Morning Update for Friday, 10/01/21",2021-10-01 08:45:03,morning update friday 10 01 21 
501,"Stock Watch List October 1, 2021",2021-10-01 08:48:21,stock watch list october 2021 
502,Requesting Historical Data for Multiple Symbols with ib insync,2021-10-09 02:51:02,requesting historical data multiple symbol ib insync 
503,"Stock Watch List October 14, 2021",2021-10-14 08:48:31,stock watch list october 14 2021 
504,"Morning Update for Friday, 10/22/21",2021-10-22 08:37:29,morning update friday 10 22 21 
505,"Morning Update for Friday, 10/22/21",2021-10-22 08:38:45,morning update friday 10 22 21 
506,"Stock Watch List October 22, 2021",2021-10-22 08:45:34,stock watch list october 22 2021 
507,"Thomas1774Paine: Isn't announcing you're shorting Trumps new stock -- isn't that market manipulation? Oh, just a 'little' ... https://t.co/X3L50YraZM",2021-10-25 23:19:28,thomas1774paine announcing shorting trump new stock market manipulation oh little URL 
508,"Will there be some pain in $ARKK into year end? (I know, I know)",2021-11-07 06:03:43,pain arkk year end know know 
509,"I scraped r/options for the top ticker mentions in the last 24H. Here are the results (Thursday November 11, 2021)",2021-11-11 03:35:02,scraped option top ticker mention last 24h result thursday november 11 2021 
510,$ZM PUTS is the next easy play,2021-11-11 12:09:22,zm put next easy play 
511,Splunk Stock Slumps and Cathie Wood‚Äôs ARK Buys the Drop,2021-11-16 05:02:26,splunk stock slump cathie wood ark buy drop 
512,Rivian - Is this the right time to buy?,2021-11-16 08:56:33,rivian right time buy 
513,Rivian - Is this the right time to buy?,2021-11-16 09:01:39,rivian right time buy 
514,$MVES is the counterintuitive Metaverse play (A fat-fingered phenomenon!!),2021-11-16 09:23:58,mf counterintuitive metaverse play fat fingered phenomenon 
515,Rivian - Is this the right time to buy?,2021-11-17 09:07:09,rivian right time buy 
516,"Morning Update for Friday, 11/19/21",2021-11-19 08:46:12,morning update friday 11 19 21 
517,"ZM Earnings: ZM will plummet, but by how much?",2021-11-19 13:14:32,zm earnings zm plummet much 
518,"Wall Street Week Ahead for the trading week beginning November 22nd, 2021",2021-11-19 19:49:22,wall street week ahead trading week beginning november 22nd 2021 
519,"I scraped r/options for the top ticker mentions in the last 24H. Here are the results (Sunday November 21, 2021)",2021-11-21 03:35:01,scraped option top ticker mention last 24h result sunday november 21 2021 
520,"The week ahead in options. Tesla, Rivian, Lucid, NIO, Zoom, and more.",2021-11-21 15:10:28,week ahead option tesla rivian lucid nio zoom 
521,"Historical Post Earnings Moves MEGA Compilation AND Analysis (Q3 Week 7) - $ZM, $BBY, $DKS, $DLTR, $PDD, $XPEV, $DE, and More",2021-11-21 16:46:23,historical post earnings move mega compilation analysis q3 week zm bby dks dltr pdd xpev de 
522,"Historical Post Earnings Moves MEGA Compilation AND Analysis (Q3 Week 7) - $ZM, $BBY, $DKS, $DLTR, $PDD, $XPEV, $DE, and More",2021-11-21 18:14:59,historical post earnings move mega compilation analysis q3 week zm bby dks dltr pdd xpev de 
523,ZM iron condor that expires 11/26,2021-11-21 22:02:30,zm iron condor expires 11 26 
524,"I scraped r/options for the top ticker mentions in the last 24H. Here are the results (Monday November 22, 2021)",2021-11-22 03:35:02,scraped option top ticker mention last 24h result monday november 22 2021 
525,Options Stock Ranker for Nov-22-2021,2021-11-22 16:15:11,option stock ranker nov 22 2021 
526,"HoT StOCkS -- ISPC, ZM, SAND.X, AADI, XPEV, LGVN, AMP.X, BBY, MDT, ARKK, DLTR, GENI, ADI, J, UDMY, DKS, MU, AEO, BURL, SJM, DY, CRO.X, MOV, LORL, MRVL, AIRS, TITN, ANF, BYSI, BOIL",2021-11-23 07:56:18,hot stock ispc zm sand aadi xpev lgvn amp bby mdt arkk dltr geni adi udmy dks mu aeo burl sjm dy cro mov lorl mrvl air titn anf bysi boil 
527,Todays most active stock options $AAPL $TSLA $NIO $ZM $PAGS $DKNG $LCID $F,2021-11-23 12:47:13,today active stock option aapl tsla nio zm pags dkng lcid 
528,Options Stock Ranker for Nov-23-2021,2021-11-23 16:15:09,option stock ranker nov 23 2021 
529,"Wish Price target $25. If it can last that long, sure. I have seen beaten down stocks which can figure out a turn around strategy can go at least 700% from their lowest price. In this case 3.57 x 7 = 24.99 I Examples: ETSY, FB, NIO, ZM, TWLO, TSLA, ROKU, SQ, PINS, TLRY, M",2021-11-24 11:23:53,wish price target 25 last long sure seen beaten stock figure turn around strategy go least 700 lowest price case 57 24 99 example etsy fb nio zm twlo tsla roku sq pin tlry 
530,"Morning Update for Friday, 11/26/21",2021-11-26 08:17:08,morning update friday 11 26 21 
531,A look at the week ahead using options flow data: Covid Stocks edition $PFE $MRK $PTON $ZM $WMT etc,2021-11-28 13:29:46,look week ahead using option flow data covid stock edition pfe mrk pton zm wmt etc 
532,"Technical analysis of Zoom Stock | ISIN: US98980L1017 | Symbol: ZM dated November 28, 2021. 14 technical indicators on the daily timeframe show a signal: SELL. Details on the official website:",2021-11-28 15:35:17,technical analysis zoom stock isin us98980l1017 symbol zm dated november 28 2021 14 technical indicator daily timeframe show signal sell detail official website 
533,(11/29) Monday's Pre-Market Stock Movers & News,2021-11-29 08:24:04,11 29 monday pre market stock mover news 
534,(11/29) Monday's Pre-Market Stock Movers & News,2021-11-29 08:28:43,11 29 monday pre market stock mover news 
535,"Morning Update for Monday, 11/29/21",2021-11-29 08:44:41,morning update monday 11 29 21 
536,(12/1) Wednesday's Pre-Market Stock Movers & News,2021-12-01 08:59:47,12 wednesday pre market stock mover news 
537,(12/1) Wednesday's Pre-Market Stock Movers & News,2021-12-01 09:02:01,12 wednesday pre market stock mover news 
538,(12/1) Wednesday's Pre-Market Stock Movers & News,2021-12-01 09:02:56,12 wednesday pre market stock mover news 
539,Zoom‚Äôs Microsoft Problem Comes to Light,2021-12-02 08:36:19,zoom microsoft problem come light 
540,Zoom‚Äôs Microsoft Problem Comes to Light,2021-12-02 08:36:38,zoom microsoft problem come light 
541,Zoom‚Äôs Microsoft Problem Comes to Light,2021-12-02 08:37:10,zoom microsoft problem come light 
542,"TDOC holder, trying to calm myself...",2021-12-02 09:26:51,tdoc holder trying calm 
543,"TDOC holders, will we overcome???",2021-12-02 09:29:08,tdoc holder overcome 
544,"Morning Update for Friday, 12/3/21",2021-12-03 08:36:33,morning update friday 12 21 
545,"Here is a Market Recap for today Friday, December 3, 2021. Please enjoy!",2021-12-03 17:33:54,market recap today friday december 2021 please enjoy 
546,"Here is a Market Recap for today Friday, December 3, 2021. Please enjoy!",2021-12-03 17:34:23,market recap today friday december 2021 please enjoy 
547,Pandemic stocks Valuation after the recent selloff,2021-12-04 15:19:11,pandemic stock valuation recent selloff 
548,Pandemic hype stocks are returning to May 2020 levels. What's next?,2021-12-06 20:27:49,pandemic hype stock returning may 2020 level next 
549,Valuation doesn't matter until it does,2021-12-06 20:45:36,valuation matter 
550,ZM is Looking Good,2021-12-07 10:49:58,zm looking good 
551,ARRK Position,2021-12-07 23:13:54,arrk position 
552,Microvision (MVIS)- SIMON SAYS it's the PERFECT SHORT,2021-12-12 18:20:15,microvision mvis simon say perfect short 
553,Could Square's deal to buy Afterpay face the same fate as Zoom's deal to buy Five9?,2021-12-13 08:30:28,could square deal buy afterpay face fate zoom deal buy five9 
554,Is it just me or has this sub been quiet recently for everyones portfolio who is actively investing is either in the red or got burnt?,2021-12-14 21:03:01,sub quiet recently everyones portfolio actively investing either red got burnt 
555,$ZM a great day a great play. Lest see correction/continuation Monday. #JointheWinningTeamDTC #StocksToBuy #stockstowatch #StockMarket #stocks https://t.co/bRYTgHV4Jn,2021-12-17 20:29:44,zm great day great play lest see correction continuation monday jointhewinningteamdtc stockstobuy stockstowatch stockmarket stock URL 
556,$ZM a great day a great play. Lest see correction/continuation Monday. #JointheWinningTeamDTC #StocksToBuy #stockstowatch #StockMarket #stocks https://t.co/bRYTgHV4Jn,2021-12-17 20:30:38,zm great day great play lest see correction continuation monday jointhewinningteamdtc stockstobuy stockstowatch stockmarket stock URL 
557,"Morning Update for Monday, 12/20/21",2021-12-20 09:20:52,morning update monday 12 20 21 
558,"$ZM, $PTON, $ROKU you welcome #stocks #stockmarkets #StocksToBuy #stockstowatch https://t.co/dtFSe1QTCr",2021-12-30 11:00:16,zm pton roku welcome stock stockmarkets stockstobuy stockstowatch URL 
559,"$ZM, $PTON, $ROKU you welcome #stocks #stockmarkets #StocksToBuy #stockstowatch https://t.co/dtFSe1QTCr",2021-12-30 11:04:19,zm pton roku welcome stock stockmarkets stockstobuy stockstowatch URL 
560,Growth vs Value,2022-01-04 16:19:13,growth v value 
561,Stocks that will dip 50% or more in 2022?,2022-01-11 07:20:28,stock dip 50 2022 
562,"Morning Update for Friday, 1/14/22",2022-01-14 09:21:11,morning update friday 14 22 
563,Is this a good buy opportunity for growth stocks?,2022-01-14 12:16:15,good buy opportunity growth stock 
564,"Stock Pattern Head-and-Shoulders Top ZM on December 30, 2021",2022-01-14 13:14:30,stock pattern head shoulder top zm december 30 2021 
565,"Stock Pattern Broadening Bottom ZM on January 06, 2022",2022-01-22 15:23:42,stock pattern broadening bottom zm january 06 2022 
566,Zoom (ZM) is now trading below the price it was at almost 2 years ago when it was announced that it would join the Nasdaq-100 index,2022-01-23 03:53:42,zoom zm trading price almost year ago announced would join nasdaq 100 index 
567,Top stock option open interest changes $DT $DKNG $INTC $LVS $VST $F $CCL $NLY $GM $ZM,2022-01-24 07:38:19,top stock option open interest change dt dkng intc lvs vst ccl nly gm zm 
568,Looking for large-cap (10B+ market cap) ARK-like stocks to short,2022-01-30 03:53:34,looking large cap 10b market cap ark like stock short 
569,Advice on Stock Picks Appreciated,2022-02-06 14:00:22,advice stock pick appreciated 
570,Are we prepared for Facebook (Meta) free cash flow to drop 46% in 2022!!?? Nonetheless it is still a buy,2022-02-06 18:25:06,prepared facebook meta free cash flow drop 46 2022 nonetheless still buy 
571,FATH low float bull thesis no longer holds,2022-02-09 05:54:17,fath low float bull thesis longer hold 
572,I compared ~20 ETFs to create an income portion of my portfolio,2022-02-14 11:09:53,compared 20 etf create income portion portfolio 
573,"‚ÄúStock market faces the most ‚Äòmassive misallocation‚Äô of ‚Äòcapital in the history of mankind,‚Äô ARK‚Äôs Cathie Wood‚Äù ‚Äî 2/17 MarketWatch Article",2022-02-18 00:42:00,stock market face massive misallocation capital history mankind ark cathie wood 17 marketwatch article 
574,Notable Tech/Software Companies with High FCF Yield %,2022-02-18 18:34:45,notable tech software company high fcf yield 
575,Tech/Software Stocks with Attractive FCF Yield %,2022-02-18 18:37:58,tech software stock attractive fcf yield 
576,I have my eye on select stocks which I think will have a good run in the future $WIMI $AAL $ZM,2022-02-18 21:33:02,eye select stock think good run future wimi aal zm 
577,We're back to where we started in 2020,2022-02-18 22:36:47,back started 2020 
578,You're top 3 stops as of today,2022-02-23 19:02:27,top stop today 
579,"Wall Street Week Ahead for the trading week beginning February 28th, 2022",2022-02-26 08:02:23,wall street week ahead trading week beginning february 28th 2022 
580,"Wall Street Week Ahead for the trading week beginning February 28th, 2022",2022-02-26 08:48:28,wall street week ahead trading week beginning february 28th 2022 
581,"Options expected moves this week. SPY, TSLA, CRM, ZM and more.",2022-02-27 16:48:39,option expected move week spy tsla crm zm 
582,How do I buy deep OTM calls on RuPaul?,2022-02-28 13:07:47,buy deep otm call rupaul 
583,My current plays for tomorrows- thoughts,2022-02-28 17:14:25,current play tomorrow thought 
584,"hot üî•üî•üî•üî•üî•üìâüìâüî•üìà stocks LCID, BTC.X, RSX, ETH.X, TGT, MARA, LUKOY, ZM, LUNA.X, SOFI, LHX, VRM, DPZ, SE, RUSL, TGTX, UMA.X, VFF, WDAY, LTC.X, DDD, BIDU, USO, EMN, ALBO, CME, MLCO, ET, CPE, EHTH",2022-03-01 09:10:51,hot stock lcid btc rsx eth tgt mara lukoy zm luna sofi lhx vrm dpz se rusl tgtx uma vff wday ltc dd bidu uso emn albo cme mlco et cpe ehth 
585,Zoom's Pandemic Growth Stops,2022-03-01 10:11:13,zoom pandemic growth stop 
586,Zoom's Pandemic Growth Stops,2022-03-01 10:11:29,zoom pandemic growth stop 
587,Zoom's Pandemic Growth Stops,2022-03-01 10:11:38,zoom pandemic growth stop 
588,Here's Your Daily Market Brief For March 2nd,2022-03-02 08:09:23,daily market brief march 2nd 
589,Here's Your Daily Market Brief For March 2nd,2022-03-02 08:09:29,daily market brief march 2nd 
590,Is #ZM Stock a Buy Right Now? 3 Analysts Weigh In on #Zoom Price Predictions. - Read more on PipPost,2022-03-02 08:30:22,zm stock buy right analyst weigh zoom price prediction read pippost 
591,Buying tech is literally the best thing you can do atm,2022-03-02 12:41:23,buying tech literally best thing atm 
592,Is #ZM Stock a Buy Right Now? 3 Analysts Weigh In on #Zoom Price Predictions. - Read more on PipPost,2022-03-02 19:05:10,zm stock buy right analyst weigh zoom price prediction read pippost 
593,"Stock Pattern Three Falling Peaks ZM on February 15, 2022",2022-03-02 19:35:56,stock pattern three falling peak zm february 15 2022 
594,"Stock Pattern Triangle Symmetrical Top ZM on February 15, 2022",2022-03-04 19:02:45,stock pattern triangle symmetrical top zm february 15 2022 
595,"Stock Pattern Triangle Descending ZM on February 16, 2022",2022-03-06 23:47:04,stock pattern triangle descending zm february 16 2022 
596,ZM Stock Is the Metaverse Investment Everyone's Missing,2022-03-09 01:22:12,zm stock metaverse investment everyone missing 
597,"Stock Pattern Triangle Symmetrical Bottom ZM on February 11, 2022",2022-03-10 20:17:45,stock pattern triangle symmetrical bottom zm february 11 2022 
598,"Stock Pattern Triangle Symmetrical Top ZM on February 10, 2022",2022-03-15 12:31:23,stock pattern triangle symmetrical top zm february 10 2022 
599,Is there a way to know WHEN an analyst is going to review a stock?,2022-03-17 07:20:56,way know analyst going review stock 
600,Todays top stock option open interest changes $XOM $AMC $HTZ $VRM $ZM $MCHP $GOLD $JD $XRX,2022-03-24 07:41:42,today top stock option open interest change xom amc htz vrm zm mchp gold jd xrx 
601,Largest decreases in stock option open interest so far this week - $T $F $ZM $PDD $AAPL $KGC $CAN $BABA $TSLA $JD $NIO $NVDA,2022-03-25 08:04:30,largest decrease stock option open interest far week zm pdd aapl kgc baba tsla jd nio nvda 
602,Largest decreases in stock option open interest $T $AAPL $F $ZM $PDD $KGC $CAN $TNET $UBER $AMC $JD $FLEX,2022-03-26 08:50:14,largest decrease stock option open interest aapl zm pdd kgc tnet uber amc jd flex 
603,ZM Double Bottom Thoughts?,2022-04-03 17:03:32,zm double bottom thought 
604,DKNG (DraftKings) Compared to other Growth Stocks,2022-04-11 15:13:23,dkng draftkings compared growth stock 
605,Why Is Zoom (ZM) Stock Up Today? - Read more on PipPost,2022-04-14 10:45:11,zoom zm stock today read pippost 
606,Why Is Zoom (ZM) Stock Up Today? - Read more on PipPost,2022-04-14 21:30:09,zoom zm stock today read pippost 
607,"Are ""Retail"" Stocks Oversold due to Taxes?",2022-04-18 12:25:27,retail stock oversold due tax 
608,"Jim Cramer's, 04/14 Mad Money Stock Recommendations",2022-04-18 17:37:48,jim cramer 04 14 mad money stock recommendation 
609,"Jim Cramer's, 04/14 Mad Money Stock Recommendations",2022-04-18 18:42:59,jim cramer 04 14 mad money stock recommendation 
610,"Here is a Market Recap for today Friday, April 22, 2022",2022-04-22 17:11:44,market recap today friday april 22 2022 
611,What are your favorite ARKK holdings on fire sale?,2022-05-01 11:28:05,favorite arkk holding fire sale 
612,POWcycle: The Endgame,2022-05-07 04:11:27,powcycle endgame 
613,"Zoom (NASDAQ:ZM) stock fell 3.6% after Piper Sandler downgraded its stance on the video conferencing company to ‚Äòneutral‚Äô from ‚Äòoverweight‚Äô, saying the company‚Äôs other products have ‚Äúlimited upside‚Äù.",2022-05-12 13:59:46,zoom nasdaq zm stock fell piper sandler downgraded stance video conferencing company neutral overweight saying company product limited upside 
614,Zoom is fucked.,2022-05-14 23:25:51,zoom fucked 
615,"Zoom - #ZM Stock Review - April 2, 2022",2022-05-19 13:26:51,zoom zm stock review april 2022 
616,Stocks reporting next week ordered by PE and trade above 1 billion market cap with options available,2022-05-20 15:47:18,stock reporting next week ordered pe trade billion market cap option available 
617,"The question now is what, if any, stocks to buy that are down 60+%?",2022-05-20 21:49:44,question stock buy 60 
618,"Wall Street Week Ahead for the trading week beginning May 23rd, 2022",2022-05-21 08:24:40,wall street week ahead trading week beginning may 23rd 2022 
619,"Expected moves. Zoom, Nvidia, Shopify, Alibaba, Costco and more.",2022-05-22 15:27:48,expected move zoom nvidia shopify alibaba costco 
620,Stock futures gain as Wall Street looks to snap 8-week losing streak,2022-05-23 00:59:40,stock future gain wall street look snap week losing streak 
621,"$TSLA Tesla sold for $32.06B today. No more words but BTW, if I were you, I will pay more attention to the following growth stocks $TWTR $WIMI $PLUG $ZM",2022-05-23 03:38:33,tsla tesla sold 32 06b today word btw pay attention following growth stock twtr wimi plug zm 
622,"Zoom earnings beat expectations, stock soars 18% after hours - is this the start of the tech rebound?",2022-05-23 17:11:44,zoom earnings beat expectation stock soar 18 hour start tech rebound 
623,ZM earnings are half of last year. Misses forecast. Stock shoots up and gains 10%,2022-05-23 17:18:10,zm earnings half last year miss forecast stock shoot gain 10 
624,Why I am bullish on ZM stock after earnings | Utradea,2022-05-23 17:41:29,bullish zm stock earnings utradea 
625,Why I am bullish on ZM stock after earnings | Utradea,2022-05-23 19:17:32,bullish zm stock earnings utradea 
626,"üî•üî•üî•üî•üî•üî• Hot stocks -- LKNCY, SNAP, BBY, ZM, ANF, RL, DOCN, CSIQ, WOOF, AZO, SOTK, FSR, INFA, QURE, HON, INMB, SPNS, JWN, J, ALPN, BRKL, UTHR, PEGA, OPRT, CUTR, DSX, DIA, NTRA, PRU, BDN",2022-05-24 08:42:47,hot stock lkncy snap bby zm anf rl docn csiq woof azo sotk fsr infa qure hon inmb spns jwn alpn brkl uthr pega oprt cutr dsx dia ntra pru bdn 
627,(5/24) Tuesday's Pre-Market Stock Movers & News,2022-05-24 09:13:20,24 tuesday pre market stock mover news 
628,(5/24) Tuesday's Pre-Market Stock Movers & News,2022-05-24 09:14:42,24 tuesday pre market stock mover news 
629,"Hot stocks 00 SNAP, CCL, PINS, ETC.X, ROKU, ZM, BBY, SMG, CSIQ, ANF, WOOF, MQ, GOOG, LKNCY, DKS, CLBK, WSBC, AZO, URBN, RL, DSX, BANR, PHAT, JWN, DXCM, TTD, UHAL, MU, LSCC, FIL.X",2022-05-24 13:11:42,hot stock 00 snap ccl pin etc roku zm bby smg csiq anf woof mq goog lkncy dks clbk wsbc azo urbn rl dsx banr phat jwn dxcm ttd uhal mu lscc fil 
630,"GFAI, SNAP, ZM, AAPL, FB, FUV. Stock Market Crash 2022. Has The Market B...",2022-05-24 17:54:07,gfai snap zm aapl fb fuv stock market crash 2022 market 
631,"GFAI, SNAP, ZM, AAPL, FB, FUV. Stock Market Crash 2022. Has The Market B...",2022-05-24 17:54:24,gfai snap zm aapl fb fuv stock market crash 2022 market 
632,"GFAI, SNAP, ZM, AAPL, FB, FUV. Stock Market Crash 2022.",2022-05-24 18:14:01,gfai snap zm aapl fb fuv stock market crash 2022 
633,Todays top stock option open interest changes $PBR $CCL $LAZR $SNAP $DVN $ZM $INTC $GM $PINS $RIVN,2022-05-25 08:02:35,today top stock option open interest change pbr ccl lazr snap dvn zm intc gm pin rivn 
634,(5/25) Wednesday's Pre-Market Stock Movers & News,2022-05-25 08:16:35,25 wednesday pre market stock mover news 
635,#Zoom (ZM) Stock Climbs on Q1 Earnings Beat - Read more on PipPost,2022-05-25 11:00:12,zoom zm stock climb q1 earnings beat read pippost 
636,Zoom (ZM) Stock Climbs on Q1 Earnings Beat - Read more on PipPost,2022-05-25 21:20:09,zoom zm stock climb q1 earnings beat read pippost 
637,(5/26) Thursday's Pre-Market Stock Movers & News,2022-05-26 08:53:07,26 thursday pre market stock mover news 
638,Largest increases in stock option open interest this week $CCL $CHPT $NCLH $HTH $PBR $SOFI $SBUX $LAZR $AMD $AAL $ZM,2022-05-27 08:24:16,largest increase stock option open interest week ccl chpt nclh hth pbr sofi sbux lazr amd aal zm 
639,Spotlight on a 2x Leveraged ETF FNGG-Holdings are Worth Taking a Look At,2022-06-03 19:22:55,spotlight 2x leveraged etf fngg holding worth taking look 
640,"Stock Pattern Broadening Wedge Descending ZM on May 11, 2022",2022-06-08 20:15:00,stock pattern broadening wedge descending zm may 11 2022 
641,"Cathie Wood sees 13x surge in Zoom ($ZM) by 2026, targets $1,500 stock price, panning mandates to end remote working as ‚Äòtrial-and-error‚Äô",2022-06-10 01:35:41,cathie wood see 13x surge zoom zm 2026 target 500 stock price panning mandate end remote working trial error 
642,skyrocket,2022-06-13 14:33:30,skyrocket 
643,Why there is a chance of Thermonuclear war and how to profit from it,2022-06-21 21:27:30,chance thermonuclear war profit 
644,"While the overall markets continue to be weak, $RGC ‚Äôs share price has performed well since April.",2022-06-22 11:36:46,overall market continue weak rgc share price performed well since april 
645,"Here is a Market Recap for today Wednesday, July 6, 2022",2022-07-06 16:19:37,market recap today wednesday july 2022 
646,"5 GROWTH STOCKS down 75% - ABNB, ZM, SPOT, NFLX, PYPL - Any Value There Now?",2022-07-10 08:36:53,growth stock 75 abnb zm spot nflx pypl value 
647,There are 3 major signs inflation may have peaked ‚Äî but they don't mean things are going to get cheaper right away By Ben Winck,2022-07-12 14:28:17,major sign inflation may peaked mean thing going get cheaper right away ben winck 
648,RGC: CEO Figuratively Putting His Money Where His Mouth Is,2022-07-13 09:12:37,rgc ceo figuratively putting money mouth 
649,"Here is a Market Recap for today Wednesday, July 13, 2022",2022-07-13 18:38:08,market recap today wednesday july 13 2022 
650,The DD on Monkeypox and how you can profit off it. The bull case for Siga Technologies and Bavarian Nordic,2022-07-21 10:22:33,dd monkeypox profit bull case siga technology bavarian nordic 
651,(8/2) Tuesday's Pre-Market Stock Movers & News,2022-08-02 08:24:14,tuesday pre market stock mover news 
652,(8/2) Tuesday's Pre-Market Stock Movers & News,2022-08-02 08:25:36,tuesday pre market stock mover news 
653,$ZM vs. $OKTA: what is the best stock to add to your portfolio?,2022-08-09 12:34:36,zm v okta best stock add portfolio 
654,Todays top stock option open interest changes $CHPT $F $NKLA $LCID $INTC $GOOGL $CCJ $ZM,2022-08-10 07:57:44,today top stock option open interest change chpt nkla lcid intc googl ccj zm 
655,What stocks might make more money? Compare $ZM vs. $OKTA.,2022-08-10 11:27:44,stock might make money compare zm v okta 
656,$ZM vs. $OKTA: which stock is the best to buy?,2022-08-12 13:41:15,zm v okta stock best buy 
657,Which stock is the best to invest? Compare $ZM vs. $OKTA.,2022-08-14 16:12:12,stock best invest compare zm v okta 
658,$ZM vs. $OKTA: what is the best stock to add to your portfolio?,2022-08-16 15:54:41,zm v okta best stock add portfolio 
659,"Evidence of 2022's coming stock market crash, and 2023's 'Greatest Depression'",2022-08-18 15:18:24,evidence 2022 coming stock market crash 2023 greatest depression 
660,A Story,2022-08-18 22:42:16,story 
661,"Wall Street Week Ahead for the trading week beginning August 22nd, 2022",2022-08-19 18:30:36,wall street week ahead trading week beginning august 22nd 2022 
662,(8/22) Monday's Pre-Market Stock Movers & News,2022-08-22 08:17:21,22 monday pre market stock mover news 
663,"ZOOM (ZM) has earnings tonight, puts are going to print massively.",2022-08-22 14:02:07,zoom zm earnings tonight put going print massively 
664,"Zoom is struggling to convince consumers to pay, and the stock is sliding",2022-08-22 21:48:45,zoom struggling convince consumer pay stock sliding 
665,(8/23) Tuesday's Pre-Market Stock Movers & News,2022-08-23 08:30:17,23 tuesday pre market stock mover news 
666,(8/23) Tuesday's Pre-Market Stock Movers & News,2022-08-23 08:31:27,23 tuesday pre market stock mover news 
667,$ZM vs. $OKTA: what is the best stock to add to your portfolio?,2022-08-23 12:10:19,zm v okta best stock add portfolio 
668,Back to UCaaS stock discussions (RingCentral),2022-08-23 23:10:42,back ucaas stock discussion ringcentral 
669,Todays top stock option open interest changes $UMC $MMM $NKLA $CHPRT $CCL $AMC $ZM $SOFI,2022-08-24 08:07:33,today top stock option open interest change umc mm nkla chprt ccl amc zm sofi 
670,(8/24) Wednesday's Pre-Market Stock Movers & News,2022-08-24 08:35:33,24 wednesday pre market stock mover news 
671,"Stock Pattern Head-and-Shoulders Top ZM on July 06, 2022",2022-08-25 06:39:01,stock pattern head shoulder top zm july 06 2022 
672,Todays top stock option open interest changes $SIRI $MMM $ET $CHPT $JD $NU $ZM $NKLA $TSM $FLEX $SQ,2022-08-25 07:58:50,today top stock option open interest change siri mm et chpt jd nu zm nkla tsm flex sq 
673,(8/25) Thursday's Pre-Market Stock Movers & News,2022-08-25 08:18:55,25 thursday pre market stock mover news 
674,When did you first come across WallStreetBets? What was your first influenced stock/bet?,2022-08-25 11:00:11,first come across wallstreetbets first influenced stock bet 
675,$ZM vs. $OKTA: which stock is the best to buy?,2022-08-26 11:40:12,zm v okta stock best buy 
676,I Tried 4 Paid Services for Stock Selection: Here are The Results for 2021 and 2022,2022-08-30 06:31:20,tried paid service stock selection result 2021 2022 
677,$ZM vs. $OKTA: what is the best stock to add to your portfolio?,2022-08-30 14:16:34,zm v okta best stock add portfolio 
678,What stocks might make more money? Compare $ZM vs. $OKTA.,2022-08-31 13:07:05,stock might make money compare zm v okta 
679,$ZM vs. $OKTA: which stock is the best to buy?,2022-09-02 11:15:21,zm v okta stock best buy 
680,"Adobe Stock Slumps On $20B Figma Purchase, Soft Q4 Sales Forecast",2022-09-15 12:02:55,adobe stock slump 20b figma purchase soft q4 sale forecast 
681,The one-year shareholder returns and company earnings persist lower as Zoom Video Communications (NASDAQ:ZM) stock falls a further ...,2022-09-17 17:43:53,one year shareholder return company earnings persist lower zoom video communication nasdaq zm stock fall 
682,When is it time to just take the loss?,2022-09-19 11:21:48,time take loss 
683,"Wall Street Week Ahead for the trading week beginning September 26th, 2022",2022-09-23 20:09:36,wall street week ahead trading week beginning september 26th 2022 
684,"Wall Street Week Ahead for the trading week beginning September 26th, 2022",2022-09-23 20:12:20,wall street week ahead trading week beginning september 26th 2022 
685,Todays largest stock option open interest changes $PBR $AAPL $CCL $AMZN $PYPL $AMD $AAL $GOOGL $ZM $META,2022-09-27 07:57:46,today largest stock option open interest change pbr aapl ccl amzn pypl amd aal googl zm meta 
686,Don‚Äôt Like Jim Cramer‚Äôs Stock Calls? This ETF Bets Against ‚ÄòMad Money‚Äô Host.,2022-10-06 12:45:20,like jim cramer stock call etf bet mad money host 
687,$ZM Bearish technical pattern building based off 14 signals on the 15-min chart. See chart at https://blog.ultraalgo.com/algorithmic-trading-stock-zm-nasdaq #tradingideas #stocks #ultraalgo #tradingview,2022-10-12 13:40:11,zm bearish technical pattern building based 14 signal 15 min chart see chart URL tradingideas stock ultraalgo tradingview 
688,@Reuters: U.S. stocks ended a choppy session slightly lower after minutes from the last Federal Reserve meeting showed policymakers agreed they needed to maintain a more restrictive policy stance https://t.co/zZmO0pXqNj https://t.co/KI2kR77inL,2022-10-12 21:07:55,USER stock ended choppy session slightly lower minute last federal reserve meeting showed policymakers agreed needed maintain restrictive policy stance URL URL 
689,@Reuters: U.S. stocks ended a choppy session slightly lower after Fed minutes showed policymakers agreed they needed to maintain a more restrictive policy stance. Investors also anticipated a consumer price inflation report due on Thursday https://t.co/zZmO0qf2bT https://t.co/tCEGq9LyoA,2022-10-13 01:08:35,USER stock ended choppy session slightly lower fed minute showed policymakers agreed needed maintain restrictive policy stance investor also anticipated consumer price inflation report due thursday URL URL 
690,@Reuters: U.S. stocks ended slightly lower after Fed minutes showed policymakers agreed they needed to maintain a more restrictive policy stance https://t.co/zZmO0pXqNj https://t.co/tqu7D6YmkK,2022-10-13 03:07:35,USER stock ended slightly lower fed minute showed policymakers agreed needed maintain restrictive policy stance URL URL 
691,$ZM Day Trading | Awaiting Buy Signal based off 9 signals on the 15-min chart. >> Find more Stock Trading Ideas at UltraAlgo.com,2022-10-17 12:28:19,zm day trading awaiting buy signal based signal 15 min chart find stock trading idea ultraalgo com 
692,"Stock Pattern Triple Bottoms ZM on October 10, 2022",2022-10-21 16:28:51,stock pattern triple bottom zm october 10 2022 
693,$ZM Algo Trading | Awaiting Short Signal based off 15 signals on the 15-min chart. >> Start your free trial for more stock chart ideas at UltraAlgo.com,2022-10-22 08:52:38,zm algo trading awaiting short signal based 15 signal 15 min chart start free trial stock chart idea ultraalgo com 
694,Trading Ideas $ZM | Sell rating based off 16 signals on the 15-min chart. #trading #stockZMüöÄ blog.ultraalgo.com/algorithmic-trading-stock-zm-nasdaq,2022-10-23 15:45:35,trading idea zm sell rating based 16 signal 15 min chart trading stockzm blog ultraalgo com algorithmic trading stock zm nasdaq 
695,"@Reuters: European stocks rise on hopes of Fed pause, Prosus slides on China woes https://t.co/HI12WOpajr https://t.co/sCeZmYulDc",2022-10-24 08:08:46,USER european stock rise hope fed pause prosus slide china woe URL URL 
696,"Stock Pattern Three Rising Valleys ZM on October 10, 2022",2022-10-27 11:21:08,stock pattern three rising valley zm october 10 2022 
697,Trading Ideas ZM | $ZM Awaiting Short Signal based off 13 signals on the 15-min chart. #trading #stocks #NASDAQ üöÄ Learn more at UltraAlgo.com/Videos,2022-10-28 16:22:09,trading idea zm zm awaiting short signal based 13 signal 15 min chart trading stock nasdaq learn ultraalgo com video 
698,"What causes stock charts to show a stocks value temporarily drop to $0 before returning to ""normal""?",2022-11-01 15:45:50,cause stock chart show stock value temporarily drop returning normal 
699,"Comcast (CMCSA) - Short-term pain, long-term gain",2022-11-05 09:41:00,comcast cmcsa short term pain long term gain 
700,"$ZM Rating upgraded to Buy based off 13 signals, 15-min chart. #tradingZM #NASDAQ blog.ultraalgo.com/algorithmic-trading-stock-zm-nasdaq/",2022-11-08 21:28:31,zm rating upgraded buy based 13 signal 15 min chart tradingzm nasdaq blog ultraalgo com algorithmic trading stock zm nasdaq 
701,Nasdaq $RGC CEO Figuratively Putting His Money Where His Mouth Is,2022-11-09 11:51:31,nasdaq rgc ceo figuratively putting money mouth 
702,Learning how to calculate intrinsic value,2022-11-12 04:45:37,learning calculate intrinsic value 
703,"$ZM Awaiting Buy Signal based off 12 trades $2,183 net profit 6.90 profit factor 91% win rate on a 15-min chart. #trading #stocks üöÄ UltraAlgo.com",2022-11-14 11:33:07,zm awaiting buy signal based 12 trade 183 net profit 90 profit factor 91 win rate 15 min chart trading stock ultraalgo com 
704,$PTON Awaiting Short Signal based off 30 trades on the 15-min chart. #trading #stocks üöÄ https://t.co/OX1Gfgcqq2 https://t.co/dD0ovDxqZM,2022-11-14 11:39:17,pton awaiting short signal based 30 trade 15 min chart trading stock URL URL 
705,"Wall Street Week Ahead for the trading week beginning November 21st, 2022",2022-11-18 19:38:15,wall street week ahead trading week beginning november 21st 2022 
706,"Expected Moves - SPY, Zoom, Baidu, Best Buy, Autodesk and more.",2022-11-20 11:23:23,expected move spy zoom baidu best buy autodesk 
707,"My Full Plan for this Week 11/21 + Challenge Update (3 Earnings Plays, 1 MAJOR Economic Event , 4 Stocks)",2022-11-20 19:11:50,full plan week 11 21 challenge update earnings play major economic event stock 
708,The Billionaires in this Timeline Suck!!!,2022-11-21 17:40:26,billionaire timeline suck 
709,$ZM Awaiting Short Signal based off 12 trades on the 15-min chart. #nyse #nasdaq #stockZM #trading #markets üí∏ Learn more UltraAlgo.com,2022-11-22 07:33:19,zm awaiting short signal based 12 trade 15 min chart nyse nasdaq stockzm trading market learn ultraalgo com 
710,(11/22) Tuesday's Pre-Market Stock Movers & News,2022-11-22 08:28:46,11 22 tuesday pre market stock mover news 
711,(11/22) Tuesday's Pre-Market Stock Movers & News,2022-11-22 08:29:47,11 22 tuesday pre market stock mover news 
712,Zoom Can't Keep Up Past Growth,2022-11-22 10:14:41,zoom keep past growth 
713,From Inflation to Recession: Part 2 - puts on industrials for generational wealth,2022-11-22 19:07:02,inflation recession part put industrials generational wealth 
714,Is $ZM a fading company?,2022-11-23 05:21:57,zm fading company 
715,(11/23) Wednesday's Pre-Market Stock Movers & News,2022-11-23 08:02:53,11 23 wednesday pre market stock mover news 
716,Is $ZM a fading company?,2022-11-23 08:49:02,zm fading company 
717,"My Full Plan for this Week 11/28 + Challenge Update (4 Earnings Plays, 3 MAJOR Economic Event , 3 Stocks + 10x Lotto)",2022-11-28 07:06:51,full plan week 11 28 challenge update earnings play major economic event stock 10x lotto 
718,$ZM Awaiting Buy Signal based off 14 trades on the 15-min chart. #trading #stocks #ZM üöÄ Free trial at UltraAlgo.com/platform,2022-11-28 07:42:10,zm awaiting buy signal based 14 trade 15 min chart trading stock zm free trial ultraalgo com platform 
719,$MLAB Trading Ideas | Awaiting Short signal. 80% Profitability based on 5 trades. Profit factor is 14.17. Learn more at https://t.co/54bj3mKa5j. #MLABSTOCK #stocks https://t.co/ZmLt7313Yc,2022-11-29 08:07:20,mlab trading idea awaiting short signal 80 profitability based trade profit factor 14 17 learn URL mlabstock stock URL 
720,Top Stock Option open interest changes $FINV $CHPT $VALE $LUMN $AMD $VALE $PLUG $AMC $BABA $ZM,2022-11-29 08:29:13,top stock option open interest change finv chpt vale lumn amd vale plug amc baba zm 
721,$ZM Awaiting Buy Signal based off 14 trades on the 15-min chart. #trading #stocks #nyse #nasdaq Free trial at UltraAlgo.com,2022-11-30 12:50:03,zm awaiting buy signal based 14 trade 15 min chart trading stock nyse nasdaq free trial ultraalgo com 
722,$ZM Awaiting Buy Signal based off 14 signals on the 15-min chart. #trading #stocks #ZM üöÄ Trial at UltraAlgo.com,2022-12-02 08:37:04,zm awaiting buy signal based 14 signal 15 min chart trading stock zm trial ultraalgo com 
723,$ZM vs. $OKTA: which stock is the best to buy?,2022-12-02 12:06:48,zm v okta stock best buy 
724,These stocks has more upside: GOOGL AAPL ZM WIMI SNAP,2022-12-05 04:21:47,stock upside googl aapl zm wimi snap 
725,Trading plan Day 2,2022-12-13 04:09:39,trading plan day 
726,"Cathie Wood of ARK Invest bought 74,862 shares of Tesla today worth around around $11.7 million",2022-12-15 13:13:44,cathie wood ark invest bought 74 862 share tesla today worth around around 11 million 
727,"Cathie Wood of ARK Invest bought 74,862 shares of Tesla today worth around around $11.7 million",2022-12-15 13:14:13,cathie wood ark invest bought 74 862 share tesla today worth around around 11 million 
728,$LNSTY Trading Ideas | Awaiting Buy signal. 100% Profitability based on 8 trades. Profit factor is 100. Learn more at https://t.co/uNaBDyBhvH. #LNSTYSTOCK #stocks https://t.co/0e51PxHsZM,2022-12-18 03:32:23,lnsty trading idea awaiting buy signal 100 profitability based trade profit factor 100 learn URL lnstystock stock URL 
729,$ZM Trading Ideas | Awaiting Buy signal. 83.33% Profitability based on 6 trades. Profit factor is 6.97. Learn more at https://t.co/uNaBDyBhvH. #ZMSTOCK #stocks https://t.co/4iMg4SPG0L,2022-12-18 19:29:32,zm trading idea awaiting buy signal 83 33 profitability based trade profit factor 97 learn URL zmstock stock URL 
730,$CHY Trading Ideas | Awaiting Buy signal. 68.42% Profitability based on 21 trades. Profit factor is 3.6. Learn more at https://t.co/GvIkfXJuj9. #CHYSTOCK #stocks https://t.co/KHoX4nmlZm,2022-12-19 01:34:35,chy trading idea awaiting buy signal 68 42 profitability based 21 trade profit factor learn URL chystock stock URL 
731,$GABC Trading Ideas | Awaiting Short signal. 85.71% Profitability based on 8 trades. Profit factor is 4.81. Learn more at https://t.co/GvIkfXJuj9. #GABCSTOCK #stocks https://t.co/xo0vAR7iZm,2022-12-22 06:18:03,gabc trading idea awaiting short signal 85 71 profitability based trade profit factor 81 learn URL gabcstock stock URL 
732,$ZM Trading Ideas | Awaiting Buy signal. 75% Profitability based on 4 trades. Profit factor is 7.09. Learn more at https://t.co/uNaBDyBhvH. #ZMSTOCK #stocks https://t.co/BhR1tdthNQ,2022-12-22 06:20:24,zm trading idea awaiting buy signal 75 profitability based trade profit factor 09 learn URL zmstock stock URL 
733,Todays top stock option open interest changes $WBD $T $BABA $GOOG $CCL $ZM $AAPL $TSLA $DKNG $BA,2022-12-22 07:36:18,today top stock option open interest change wbd baba goog ccl zm aapl tsla dkng ba 
734,$SLGC Trading Ideas | Awaiting Short signal. 100% Profitability based on 7 trades. Profit factor is 100. Learn more at https://t.co/GvIkfXJuj9. #SLGCSTOCK #stocks https://t.co/iZmBHTGms5,2022-12-23 05:16:11,slgc trading idea awaiting short signal 100 profitability based trade profit factor 100 learn URL slgcstock stock URL 
735,$ENGIY Day Trading | Awaiting Buy signal. 71.43% win rate based on 7 trades. Profit factor is 8.74. #trading #investing #stocks üöÄ Free trial at https://t.co/Dj3UOYpEUH https://t.co/1CkZmGHD6M,2022-12-28 16:06:03,engiy day trading awaiting buy signal 71 43 win rate based trade profit factor 74 trading investing stock free trial URL URL 
