,tweet
0,"Replying to 
@roddrury"
1,The Best Apple Inc. Headlines in 2015: Apple (NASDAQ: AAPL ) shares headed into the last day of 2015 priced ne... http://bit.ly/1Vvdjnx
2,$AAPL has been flat for months with a 2% #dividend so we sold them for a 75% profit. Read the story at http://goo.gl/bLFUVg #investing
3,What's next for Apple in 2016: New product rumor roundup http://dlvr.it/D8xsH5 #AppleInsider $AAPL
4,@aapl_police I hope all of your 4 followers are engaged.
5,"Replying to 
@rational_gov"
6,"Replying to 
@rational_gov"
7,Trending Tech Stocks | AAPL | NEON | PLUG | BBRY | FB http://cnafinance.com/trending-tech-stocks-aapl-neon-plug-bbry-fb/2213…
8,"""iPhone fitness apps to help you keep that New Year's resolution"" $AAPL http://appleinsider.com/articles/16/01/01/iphone-fitness-apps-to-help-you-keep-that-new-years-resolution…"
9,$aapl selling 1.2 mill iphones in India in F16Q1 & 3.3 mill for F16
10,"7 Surprisingly Simple Ways to Become a Millionaire  http://aol.it/1zag6ev via 
@daily_finance
 $RTN $AAPL $BRK-A"
11,Apple TV's Holiday Spike A Much-Needed Boost For Zootopia (AAPL) As iPhone Slows #fakeheadlinebot #learntocode #makeatwitterbot #javascript
12,Time to start nibbling on $AAPL?
13,#Features #iOS – 30 Incredible Things Your iPhone Can Do – Despite the fact that millions own an... http://bit.ly/1YKEUBe #iPhone #AAPL
14,#Features #Software – 12 iPhone Tricks You Didn’t Know Your iPhone Could Do – Discovering new iP... http://bit.ly/1YKCt1y #iPhone #AAPL
15,Discover the world around you through Curiosity by Tamper http://dlvr.it/D8xCzS #AppAdvice $AAPL
16,#Apple $AAPL target price $85.00
17,eSports As A Part Of Activision Blizzard Ecosystem http://ift.tt/1SqN1Dn http://investwall.com #stocks #trading #investing $FB $AAPL
18,"RT 
@FonsieTrader
: $AAPL $MSFT $EBAY $C $PFE Five Undervalued Stocks Billionaire Investors Like http://stks.co/t3N15"
19,"Will this hurt US iPhone sales? $AAPL
AT&T to stop offering two-year contracts http://usatoday.com/story/tech/2015/12/30/att-to-stop-offering-two-year-contracts/78087824/… via 
@USATODAY"
20,"Replying to 
@howardlindzon"
21,$AAPL Forums: how does AirDrop work and more http://bit.ly/1P6gjBP @MaximumPenny
22,$AAPL Apple deals: refurbished Macs from $639 http://bit.ly/1R4RPiE @MaximumPenny
23,Apple in 2016: Here's What to Expect: http://dcinno.streetwise.co/2015/12/16/apple-2016-rumors-iphone-7-apple-watch-2-ipad-aapl-stock/… — $AAPL #iPhone6s #Apple #AppleWatch
24,"This is the smartwatch that President Barack Obama wears http://geekwire.com/2016/smartwatch-president-barack-obama-wears/… via 
@GeekWire
 $FIT $AAPL"
25,The TouchArcade Show - 238 - Game of the Year Discussion (Surprise Part… http://dlvr.it/D8wCbJ #TouchArcade $AAPL
26,Updated Dec.Performance.  Tough month! http://pinestreetjournal.com/twtr/diy-portfolio…  $TWTR $CRM $MO $WFC $AAPL $SLB $MMM #Invest
27,Dubai (NASDAQ:AAPL) is Busted and Gets a $348 Million Tax Bill #fakeheadlinebot #learntocode #makeatwitterbot #javascript
28,"@rcoder
 AAPL margins have been in the 20-25% range, just like the most profitable software co. in the world (GOOG) https://ycharts.com/companies/AAPL/profit_margin…"
29,"$UGAZ and $AAPL are generating big volume as seen on SpeculatingStocks Stock Buzz, http://SpeculatingStocks.com/stock-buzz.php #stocks"
30,"$AAPL and $VXX are generating big volume as seen on SpeculatingStocks Stock Buzz, http://SpeculatingStocks.com/stock-buzz.php #stocks"
31,"Replying to 
@JohnLBair1"
32,"#iOS #App – 42 Best Life Enhancing iOS Apps for 2015 – Now that we have ushered in 2013, we are... http://tinyurl.com/h9yyx9w - #Apple #AAPL"
33,Tweeter for Mac re: $AAPL $TWTR
34,"$AAPL such a wonderful company, no way this stock trade like a potatoes, it is a buy for all reason, just buy, don't listen to craps"
35,"Replying to 
@PC_Trades"
36,"Apple 2016 predictions: Acquisitions, accessories AAPL – Investor’s Business Daily http://tinyurl.com/h9vgbd4"
37,"Apple 2016 predictions: Acquisitions, accessories AAPL – Investor’s Business Daily http://tinyurl.com/h9vgbd4"
38,"Apple 2016 predictions: Acquisitions, accessories AAPL – Investor’s Business Daily http://tinyurl.com/h9vgbd4"
39,"Researchers use Apple Watch to pilot drone, control HomeKit Hue lamps… http://dlvr.it/D8vSY2 #AppleInsider $AAPL"
40,"Morning Beat: Microsoft Corporation (MSFT), Sherlock (AAPL), and QUALCOMM ... #fakeheadlinebot #learntocode #makeatwitterbot #javascript"
41,Analysis 2015 & Look to 2016 VIDEO http://stks.co/f3h2h webinar recording $SPY $AAPL $QQQ $IWM $SMH
42,"PVD+ researchers use #AppleWatch, hand gestures to pilot drone, control #HomeKit lamps $AAPL http://appleinsider.com/articles/16/01/01/researchers-use-apple-watch-to-pilot-drone-control-homekit-hue-lamps-via-hand-gestures…"
43,Analysis 2015 & Look to 2016 VIDEO http://stks.co/f3h2h webinar recording $SPY $AAPL $QQQ $IWM $SMH
44,$AAPL : $QQQ Ratio - Apple getting oversold on relative basis.  But note past divergences.
45,"THESTREET: Tax Settlement Takes a Bite Out of Apple (AAPL) -- Tech Roundup - TheStreet, http://netsecu.org/i/3b785541e #security"
46,"@tionCap
, Story on $AAPL has new items. http://tweet.authorbee.com/stories/4048755 #authorbeestory"
47,Primero Mining Is Finally Getting Over The Hump http://ift.tt/1mua5Vf http://investwall.com #stocks #trading #investing $FB $AAPL
48,"$AAPL Negative investor sentiment Jan 1, 2:19 PM ET, see chart at …https://activetraders.socialmarketanalytics.com/charts/sentiment/AAPL… #sentiment #trading #stocks"
49,How One Very #Traditional #Painter Created Her First #iPad Pro #Art | #tech $AAPL http://by.sjm.us/1mln0cC
50,Happy New Year! Everyone & their mother are probably have their eyes on this H&S pattern $AAPL..Obvious?
51,"Trading $AAPL, $NFLX and $MCD in 2016 http://cnb.cx/1JMIWSUf via (
@jacobpramuk
) #NewYear"
52,"$AAPL $GE $VXX are generating big volume as seen on SpeculatingStocks Stock Buzz, http://SpeculatingStocks.com/stock-buzz.php #stocks"
53,"$BAC $AAPL $VXX are generating big volume as seen on SpeculatingStocks Stock Buzz, http://SpeculatingStocks.com/stock-buzz.php #stocks"
54,"Moof@moof15
$AAPL 
Apple's iphone is officially the UKs favorite handset: Tech giant's devices  2015 best http://dailymail.co.uk/sciencetech/article-3379031…"
55,What's next for Apple in 2016: New product rumor roundup...$AAPL http://goo.gl/PrcrJU
56,"RT 
@LinnaneCiara
: World's biggest company had a gloomy first year as a Dow component: $AAPL http://on.mktw.net/1MIvgbl"
57,RT https://twitter.com/1stPennyStocks/status/682985718931677184… RT Hwayoutaline: $GOOG Enterprise Value Passing $AAPL Oh No How Could That Be Is That Even Possible? #NYSE …
58,The Top 10 Best Analyst Coverage on Apple Inc. (AAPL) http://cnafinance.com/the-top-10-best-analyst-coverage-on-apple-inc-aapl/4998…
59,Apples rumored Venmo-killer detailed in new patent $AAPL $PYPL #FinTech #payments http://bit.ly/1YVLtRz
60,Apple’s $AAPL rumored Venmo-killer $PYPL detailed in new patent http://stks.co/a34Vp #FinTech #payments
61,"Replying to 
@germanotes"
62,"Despite record-breaking earnings and continued market growth, Apple closed out 2015 lower for first time since 2008 cc 
@brianshall
 #aapl"
63,RT philiped: Merckel's 6 reasons Apple closed 2015 with a whimper http://for.tn/1NYaS82 $aapl #toobignottofail
64,"Replying to 
@BullishCross"
65,"Happy New Year! In 2016, $AAPL cash per share is expected to grow from $35 to $52.  In 2017, from $52 to $70. Will that impact $AAPL's stock"
66,"If you bought $AAPL at $116 or 120 or 109... get religion for 2016.

If you bought $CMG at $600..... well, you may as well get e-coli."
67,"Replying to 
@ubeenfranked"
68,"Join http://Sourcingstocks.com and make money trading options - $FB, $AAPL, $BIIB, $TSLA, $NFLX - #sourcingtsocks"
69,Huge opportunity in markets this yr for those who know that Conventional Thinking from Traditional Advisors will be toxic- $AAPL $TASR $DIS
70,#StockNerds --Sneaky distribution in $NFLX- #Netflix is the new $DIS which is the old $AAPL -https://vimeo.com/150449236
71,"$BAC $VXX $AAPL are generating big volume as seen on SpeculatingStocks Stock Buzz, http://SpeculatingStocks.com/stock-buzz.php #stocks"
72,"$BAC $UGAZ $AAPL are generating big volume as seen on SpeculatingStocks Stock Buzz, http://SpeculatingStocks.com/stock-buzz.php #stocks"
73,"Today's apps gone free: Pocket Earth, Quotes Folder, Perfect Cut and more http://dlvr.it/D8rkYK #AppAdvice $AAPL"
74,$AAPL Max Pain is 110.00 for maturity 01/08/2016.  Price = 105.26. http://maximum-pain.com/max-pain.aspx?s=AAPL&e=01/08/2016…
75,Nike: The Cheapest And Best Brand To Own http://snip.ly/2jw0 http://investwall.com #stocks #trading #investing $FB $AAPL
76,Star Wars - The Utilities Awaken http://snip.ly/8rG6 http://investwall.com #stocks #trading #investing $FB $AAPL
77,"Tropicana Entertainment: Hidden, Risky, And Cheap http://ift.tt/1TtxGAc http://investwall.com #stocks #trading #investing $FB $AAPL"
78,Long RMR Group Based On Sum Of The Parts http://snip.ly/Mlfx http://investwall.com #stocks #trading #investing $FB $AAPL
79,Lack Of Catalysts Holding Astronics Back http://snip.ly/wAru http://investwall.com #stocks #trading #investing $FB $AAPL
80,The Game Changer: Saudi Arabia And Oil http://ift.tt/1PADZ63 http://investwall.com #stocks #trading #investing $FB $AAPL
81,Big Upside For Big Lots Shareholders http://snip.ly/CWFh http://investwall.com #stocks #trading #investing $FB $AAPL
82,"Expect $AAPL 4Q #ipad sales surprise upside as heavy discounts spurred tremendous #ipadMini gifting kids // $AMZN $GOOG 
@jimcramer
 @jonfortt"
83,"This is how AAPL could prove pessimists wrong in holiday quarter iPhone sales – analyst http://wp.me/p1xtr9-1Jtj via 
@benlovejoy"
84,Apple Inc. App Store Was Just Dominated By a Major Rival $AAPL #Apple http://lbnewtemplate.wpengine.com/125803/apple-inc-app-store-was-just-dominated-by-a-major-rival/?utm_campaign=twitter&utm_medium=twitter&utm_source=twitterUpdate…
85,"Morning Momentum: General Electric Company (GE), Apple Inc. (AAPL), SandRidge Energy, Inc ...: General Electri... http://bit.ly/1VuijbY"
86,"Morning Momentum: General Electric Company (GE), Apple Inc. (AAPL), SandRidge Energy, Inc ...: General Electri... http://pwzn.a.boysofts.com/Km4"
87,Shareholder of Apple Inc. (NASDAQ:AAPL) Could Make History Coming Year- As NYSE:GM ...: Apple Inc. (NASDAQ:AAP... http://pwzn.a.boysofts.com/Km3
88,"@Bestscrt
  #Disruptive stocks
$AAPL $TSLA $UA $GILD $NFLX $CRM $AMZN $CELG $WDAY $CMG $FB $SBUX $MNST $HAIN $MBLY $REGN  $DATA $TMUS $WWAV"
89,$AAPL OI for maturity 01/08/2016. 95.00 Highest put. 110.00 Highest call. http://maximum-pain.com/open-interest.aspx?s=AAPL&e=01/08/2016…
90,"Happy New Year all! Here are 2015's most memorable moments. In one video: http://stks.co/p3NOf

$SHAK $TSLA $AAPL"
91,"$VXX $AAPL $BAC are generating big volume as seen on SpeculatingStocks Stock Buzz, http://SpeculatingStocks.com/stock-buzz.php #stocks"
92,Time For Apple Inc. To Go On An Acquisition Spree? $AAPL $TSLA $GPRO http://goo.gl/N37RUa
93,https://twitter.com/Khojinur30/status/682947866512343041:2016…: BUY $GPRO $CSCO $GE ... SHORT $LLY $AAPL .... Cloud Computing and Cloud Security will be strong.
94,Six Reasons Apple Closed 2015 With a Whimper http://flip.it/6_FAI #aapl
95,Six Reasons Apple Closed 2015 With a Whimper http://dlvr.it/D8qwzQ #Fortune $AAPL
96,2016: BUY $GPRO $CSCO $GE ... SHORT $LLY $AAPL .... Cloud Computing and Cloud Security will be strong.
97,"$SANP Financials Updated Friday, January 1, 2016 09:42:51 AM $AAPL $AVXL $TRTC $TPAC http://dlvr.it/D8ql2h"
98,"$GEQU Recent News Updated Friday, January 1, 2016 09:44:19 AM $RXSF $SPCL $AAPL $MCOA"
99,"$EPGL Stock Forum Updated Friday, January 1, 2016 09:44:19 AM $SIPC $HAS $AAPL $ACTL http://dlvr.it/D8qmJb"
100,"How to trade when a stock you are holding gaps down - http://bit.ly/1PDukLQ 
@PaulJSingh
 #stocks #trading $aapl"
101,"@tim_cook
 - We should be able to make iPhone read #eBook outloud w/out buying Audio Book format $AAPL $AMZN $GOOGL 
@amazon
 @google
 #Apple"
102,"RWM Short Russell 2000 Fund Stock Message Board
http://dlvr.it/D9KpVz

$RWM $AAPL $EEM $FSLR #RWM #share #share"
103,"Replying to 
@chigrl"
104,"$ERBB Stock Forum Updated Saturday, January 2, 2016 6:41:23 PM $AAPL $EPGL $NWBO $MINE http://dlvr.it/D9Kjph"
105,"$AAPL Financials Updated Saturday, January 2, 2016 6:41:23 PM $DOLV $PFSD $SIPC $TPAC http://dlvr.it/D9Knfq"
106,How to make iOS 9's default apps disappear http://dlvr.it/D9KTL3 #AppleInsider $AAPL
107,"$NOW Opinions Updated Saturday, January 2, 2016 5:45:47 PM $LTNC $BTFL $GDAR $AAPL http://dlvr.it/D9KGhL"
108,"$AAPL Company Info Updated Saturday, January 2, 2016 5:45:47 PM $DEWM $SBFM $LPPI $NWBO http://dlvr.it/D9KFqJ"
109,RT TheStreet: Get used to hearing about the Internet of Things http://bit.ly/1NQQurv  $AAPL $GOOGL
110,Ohhh nooo...everyone talking oil again. ..so much better when you all were talking about  $AAPL
111,"NEW YEARS SPECIAL $25/MONTH 
http://tradewithjoe.com/chat-room/
$SPY $QQQ $IWM $FB $AAPL $TWTR $GDX $IBB $AMZN $NFLX $TSLA $USO $PCLN $GOOGL $BBRY"
112,Get used to hearing about the Internet of Things http://bit.ly/1NQQurv $AAPL $GOOGL
113,Charting the Next Breakdown in the S&P 500 http://daytradersgroupofamerica.com/so/9L83OZae#/main… $SPY $SPX $QQQ $XLI $XLE $XLF $USO $AAPL $FB $iWM  #Investing #stockpicks
114,"Apple Falls In 2015, But Will 2015 Be A Reversal? $AAPL http://goo.gl/bi4XVe"
115,"UVXY ProShares Ultra VIX Short-Term Futures ETF Investor Opinions
http://dlvr.it/D9K8GZ

$UVXY $KKR $AAPL $AXP #UVXY #stocks…"
116,How Apple might avoid reporting a decline in iPhone sales (AAPL) http://whoruns.co/?p=11413 #UE4 #STEAM #GIVEAWAY #unity3d #gamedev #indiedev…
117,"$INOH Percent Change Updated Saturday, January 2, 2016 5:42:52 PM $DEWM $AAPL $NWBO $NWBO"
118,"$DOLV Opinions Updated Saturday, January 2, 2016 4:41:23 PM $GDSI $AAPL $EPGL $SEE http://dlvr.it/D9K2wl"
119,Interesting study done on cash-tags http://firstmonday.org/ojs/index.php/fm/article/view/5385/4109… $AAPL $GOOG $SPY $FB $MSFT $NFLX $QQQ $AMZN $YHOO $GS $BAC $JPM $SRPT $IBB $DIA
120,AAPL Stock Is This the Next Big Thing from Apple Inc. http://bit.ly/1UnadRu
121,Has The Power Of Low Interest Rates Been Played Out? http://ift.tt/1mwgFdR http://investwall.com #stocks #trading #investing $FB $AAPL
122,These Stocks Are Proven Over Time: 3M Co. http://snip.ly/kEbG http://investwall.com #stocks #trading #investing $FB $AAPL
123,Apple 2016 Outlook: The Sun Can't Shine Everyday http://snip.ly/neSB http://investwall.com #stocks #trading #investing $FB $AAPL
124,Has The Power Of Low Interest Rates Been Played Out? http://ift.tt/1PDqnGV http://investwall.com #stocks #trading #investing $FB $AAPL
125,AMD: Evaluating The Problems And Risks http://ift.tt/1OAbOPm http://investwall.com #stocks #trading #investing $FB $AAPL
126,Why Didn't QE Money Printing Cause Inflation? http://ift.tt/1YWs2xr http://investwall.com #stocks #trading #investing $FB $AAPL
127,Dollar's Tone At The Start Of 2016 http://ift.tt/1ZGoxIr http://investwall.com #stocks #trading #investing $FB $AAPL
128,Bert's December Dividend Income Summary http://ift.tt/1PDmC4l http://investwall.com #stocks #trading #investing $FB $AAPL
129,"Replying to 
@mustped"
130,"@seemacnbc
 Check this AAPL monthly chart timing for low: https://app.box.com/s/5mv073t0r0cyxlwavq6w0lm93dv7o0fc… https://app.box.com/s/d5wtcmrx0d47hp1ztikb5t8wfi2yu7y5… https://app.box.com/s/oywo94gwi9knq3b2u9ocpe0acqcme6a7… $FiTiming"
131,#notobuy2016  $AAPL at 105.26$
132,The State Of Apple (AAPL): 2015 Doji Candlestick Says It All - See It Market (blog) #it http://dragplus.com/post/id/33135999…
133,AAPL -1.92% Stock Charts $AAPL Apple Inc. (NASDAQ) Last Updated: 01/02/2016 16:21:39 AAPL Stock Chart - 1 Mont
134,"$AAPL Earnings in less than a month! 
The big holiday quarter! 
...why is no one all that excited #heh #neitherIamreally #relativelyspeaking"
135,Trading aapl nflx and mcd in 2016 #news #market #business http://j.mp/1Vt0lXm
136,"$AVXL Recent News Updated Saturday, January 2, 2016 4:45:47 PM $AAPL $PFSD $HCTI $TALK http://dlvr.it/D9Jhj6"
137,"Replying to 
@HamzeiAnalytics"
138,"Totally agree with #3...$AAPL   
@fredwilson
    Apple is still overvalued
What Is Going To Happen In 2016 http://avc.com/2016/01/what-is-going-to-happen-in-2016/…"
139,"@Fibonacciqueen
 Check this Monthly Chart for AAPL Timing Low: https://app.box.com/s/4dgb4e173wyxsnniaw2gfd743ue0eber… 
@RiskReversal
 @GuyAdami
 @ReformedBroker
 @optionmonster"
140,Another F for Alphabet: U.S. Marines reject Google's other android as… http://dlvr.it/D9JNNn #AppleInsider $AAPL
141,"NEM Newmont Mining Corp. Quotes
http://dlvr.it/D9JKwD

$NEM $AAPL $JNJ $BIOD #NEM #share #stock"
142,"$SBFM News Updated Saturday, January 2, 2016 3:44:19 PM $NWBO $NWBO $AAPL $TALK http://dlvr.it/D9JGrt"
143,The State Of Apple (AAPL): 2015 Doji Candlestick Says It All #doji http://dragplus.com/post/id/33135739…
144,"$SPY "" The Big Short Part Deux""??  http://video.cnbc.com/gallery/?video=3000397886… $DJIA $QQQ $ES_F $IWM $VIX $AAPL $GOOGL $SPX
 ""2 Trillion Dollars"" 
@Carl_C_Icahn"
145,"AAPL Apple, Inc. Message Board Posts
http://dlvr.it/D9JH85

$AAPL $SBIO $SLV $MAS #AAPL #pennystocks #stocks"
146,"Save the Date!
AAPL's 7th Annual Conference - at Caesars Palace - Nov. 13-15, 2016"
147,How Apple might avoid reporting a decline in iPhone sales (AAPL) http://pulse.me/s/5yLSE8
148,Will 2016 Be Apple Inc.'s Best Year Yet? (AAPL) http://fool.com/investing/general/2016/01/02/will-2016-be-apple-incs-best-year-yet.aspx…
149,How to Disable Transparency Effects in Mac OS X Interface http://dlvr.it/D9Hzx8 #OSXDaily $AAPL
150,6 iPhone cases for people who hate cases (AAPL) http://wownewsexpress.com/6-iphone-cases-for-people-who-hate-cases-aapl/…
151,Key Market Technicals $QQQ $AAPL $EEM $JNK $SPY $XLE http://goo.gl/GH2aMo
152,Apple Inc. App Store Was Just Dominated By a Major Rival $AAPL #Apple http://lbnewtemplate.wpengine.com/125803/apple-inc-app-store-was-just-dominated-by-a-major-rival/?utm_campaign=twitter&utm_medium=twitter&utm_source=twitterUpdate…
153,How Apple might avoid reporting a decline in iPhone sales (AAPL) http://twib.in/l/AerXy7dXjMq
154,The Best Apple Inc. Headlines in 2015 (AAPL) http://buff.ly/1ReSE6K
155, ⒶⓁⒺⓇⓉ ⒶⓅⓅⓁⒺ Apple Inc. (AAPL) Stays Under Pressure to Raise Diversity in Senior Ranks http://j.mp/1PDMuNA #Apple
156,RT https://twitter.com/SwingWarrior/status/683391825667821570… Paper #Trading Simulator | Learn to Trade Like a Pro!http://bit.ly/1IzhOvr $AAPL $FB… https://pic.twitter.com/umj0pOTGuu
157,"$AAPL #options #stocks #Markets 
Opps to make large gains with the increasing volatility. Buy theta to avoid theta burn during consolidation"
158,How Apple might avoid reporting a decline in iPhone sales (AAPL) http://ift.tt/1TrKKWH Jim Edwards and Jim Edwards
159,"$ANY Stock Forum Updated Saturday, January 2, 2016 3:42:50 PM $PPHM $SBFM $AAPL $ICBT http://dlvr.it/D9HkxB"
160,"RT https://twitter.com/IHNewsDesk/status/683387171022098432… IBB Biotech iShares Shares
http://dlvr.it/D9HYcK

$IBB $AA $AAPL $GLAD #IBB #stocks #investing"
161,Another F for Alphabet: U.S. Marines reject Google's robots as too loud to use http://ainsdr.co/1OAwyXh $AAPL $GOOG
162,"IBB Biotech iShares Shares
http://dlvr.it/D9HYcK

$IBB $AA $AAPL $GLAD #IBB #stocks #investing"
163,"GIB/A.TO CGI Group, Inc. Bid Size
http://dlvr.it/D9Hb7J

$GIB/A.TO $AAPL $GLD $UGAZ #GIB/A.TO #share #nasdaq"
164,"FB Facebook, Inc. Dividend
http://dlvr.it/D9Hbz4

$FB $DIS $INTC $AAPL #FB #stockmarket #tradeideas"
165,Apple 2016 Outlook: The Sun Can't Shine Everyday: Apple (NASDAQ:AAPL) finished 2015 on a painful note with the... http://wxhm.a.boysofts.com/1D1l
166,Apple 2016 Outlook: The Sun Can't Shine Everyday: Apple (NASDAQ:AAPL) finished 2015 on a painful note with the... http://wxhm.a.boysofts.com/1D1k
167,How Apple might avoid reporting a decline in iPhone sales (AAPL) https://mytechnews.net/how-apple-might-avoid-reporting-a-decline-in-iphone-sales-aapl-2/…
168,How Apple might avoid reporting a decline in iPhone sales (AAPL) (Jim Edwards and Jim Edwards/Business Insider:… http://dlvr.it/D9HNVs
169,"@snapharmony
 : How Apple might avoid reporting a decline in iPhone sales (AAPL) http://ift.tt/1TrKKWH"
170,"Report:Apple Devices, Phablets Dominate Holiday Sales  $aapl source:http://techcrunch.com 12/28/2015"
171,"$EPGL News Updated Saturday, January 2, 2016 2:45:46 PM $ONE $ANY $SEE $AAPL http://dlvr.it/D9HKcf"
172,"$NOW Recent News Updated Saturday, January 2, 2016 2:45:46 PM $ICBT $BIEI $ICBT $AAPL http://dlvr.it/D9HKl1"
173,"In other words $AAPL should trade at $133 by year end? Not w/o #buybacks and/or dividend hike  
@TMFJMo"
174,"New post: ""How Apple might avoid reporting a decline in iPhone sales (AAPL)"" http://ift.tt/1TrKKWH"
175,"@tim_cook
 Check this $AAPL Chart for Fibonacci Timing for Low https://app.box.com/s/5mv073t0r0cyxlwavq6w0lm93dv7o0fc… … https://app.box.com/s/oywo94gwi9knq3b2u9ocpe0acqcme6a7… … #BuybackStock #BuyTwitter"
176,How Apple might avoid reporting a decline in iPhone sales (AAPL) http://centre.al/main/2016/01/02/how-apple-might-avoid-reporting-a-decline-in-iphone-sales-aapl/…
177,How Apple might avoid reporting a decline in iPhone sales (AAPL) http://ift.tt/1TrKKWH #interesting
178,How Apple might avoid reporting a decline in iPhone sales (AAPL) http://g-p-l.us/1Tw7lS9
179,"Replying to 
@HamzeiAnalytics"
180,How Apple might avoid reporting a decline in iPhone sales (AAPL) http://ift.tt/1TrKKWH
181,How Apple might avoid reporting a decline in iPhone sales (AAPL) http://ift.tt/1TrKKWH johnangel1977
182,"$aapl Flurry say Apple Devices Capture >49% of holiday activations & half of that from Iphone 6s+.
#2 samsung 19.8% http://telecrunch.com/2015/12/28/report-apple-devices-phablets-dominate-holiday-sales/08mmnpo:m0Hv…"
183,How Apple might avoid reporting a decline in iPhone sales (AAPL) http://ift.tt/1TrKKWH
184,"@petenajarian
 @optionmonster
 DRJ Check this $AAPL Chart for Fibonacci Timing for Low https://app.box.com/s/5mv073t0r0cyxlwavq6w0lm93dv7o0fc… … https://app.box.com/s/oywo94gwi9knq3b2u9ocpe0acqcme6a7… …"
185,How Apple might avoid reporting a decline in iPhone sales (AAPL) http://dlvr.it/D9H9Nb
186,How Apple might avoid reporting a decline in iPhone sales (AAPL) http://ift.tt/1mwaRB8
187,"Replying to 
@kmmmz1"
188,How Apple might avoid reporting a decline in iPhone sales (AAPL) http://goo.gl/fb/kNUCA9
189,How Apple might avoid reporting a decline in iPhone sales (AAPL) http://ow.ly/39EbY3
190,"Replying to 
@MarketWatch"
191,"Replying to 
@STAUNCHWEALTH"
192,How Apple might avoid reporting a decline in iPhone sales (AAPL) http://ift.tt/1TrKKWH
193,"How Apple might avoid reporting a decline in iPhone sales (AAPL)

The crucial number in Apple's next quarterly... http://fb.me/7EGx9KPxS"
194,How Apple might avoid reporting a decline in iPhone sales (AAPL) http://bit.ly/1PDFfFe #social #mobile #fb
195,How Apple might avoid reporting a decline in iPhone sales (AAPL) http://ift.tt/1TrKKWH
196,"New post: ""How Apple might avoid reporting a decline in iPhone sales (AAPL)"" http://ift.tt/1TrKKWH"
197,#Setting4Success How Apple might avoid reporting a decline in iPhone sales (AAPL) #News #smallbusiness #entrepreneur
198,"APPLE 12 31 15 AAPL WEEKLY ANIMATED TIME PRICE THEORY STOCK CHARTS by Ed... https://youtu.be/qGEVLWQxFUs via 
@YouTube"
199,"@tastytrade
 Check this $AAPL Chart for Fibonacci Timing for Low https://app.box.com/s/5mv073t0r0cyxlwavq6w0lm93dv7o0fc… … https://app.box.com/s/oywo94gwi9knq3b2u9ocpe0acqcme6a7… …"
200,@CalConfidence $tripchowdhury is another dumb analyst talking crap about a Co. who grew 35% & it is a good time for $aapl  buyback $lowprice
201,Apple planning R&D investment in Indonesia to scale up. http://iphone.appleinsider.com/articles/15/11/11/apple-plans-indonesia-rd-investment-to-meet-new-phone-sales-rule… $AAPL $IPhone
202,"SHLX Shell Midstream Partners, LP Message Board Posts
http://dlvr.it/D9jbzZ

$SHLX $BTFL $GOOG $AAPL #SHLX #stock #finance"
203,"How's that 
@Carl_C_Icahn
 self interested push and plan for stock buyback $AAPL?"
204,#Pipsfinder Story: #Apple Inc. (AAPL) May Move iPhone 7 Launch to First Half of 2016 - … … 
205,RT https://twitter.com/DayTradeWarrior/status/683793976747552768… Paper #Trading Simulator | Learn to Trade Like a Pro!http://bit.ly/1OP8zDX $AAPL $FB… https://pic.twitter.com/MCS7etF6VG
206,"The car show is being reinvented (F, GM, tsla, aapl, goog) http://ift.tt/1RneeWO"
207,"The car show is being reinvented (F, GM, tsla, aapl, goog) http://ift.tt/1JqnOqF Matthew DeBord"
208,Test $AAPL $googl $hal
209,This is utterly bonkers! Apple gets zero respect! Is it because of CEO Cook? $aapl
210,All I want is a black string for my wrist that keeps track of everything & displays the info on my iPhone - #AAPL
211,"Replying to 
@HaroldHawkins8"
212,Tablo brings live TV and OTA DVR capabilities to Apple TV http://dlvr.it/DBhFFT #Macworld $AAPL
213,"#Important Stocks News Analysis: Apple (NASDAQ:AAPL), NCR (NYSE:NCR), Opko ... - http://appleworld.xyz/important-stocks-news-analysis-apple-nasdaqaapl-ncr-nysencr-opko/…"
214,"#Apple Suppliers Drop Globally After #IPhone Output Cut Report by #Nikkei http://bloom.bg/1ZNoxpO via 
@technology
 $AAPL"
215,Do you know that #WallStreet price for $AAPL is $148 https://unicornbay.com/t/AAPL.US?utm_medium=tweet&utm_campaign=wallstreet&utm_source=twitter…
216,Junior analyst trying to figure out $AAPL supply chain
217,$AAPL fib chart #Stocks #OnWatch #Apple
218,"$T News Updated Thursday, January 7, 2016 6:07:17 PM $AAPL $XLK $SSN $M http://dlvr.it/DCgpyx"
219,After-hours buzz: $TCS $GPS $URBN $BBBY $AAPL ....
220,"Apple Inc. (AAPL): Stock Below $100, Should you be Worried?: 
Apple Inc. (AAPL): Stock Below $100, Should you ... http://bit.ly/1kTKXWS"
221,CES 2016: 5 of our favorite new accessories http://dlvr.it/DD8wlt #AppAdvice $AAPL
222,Apple is trying to decide between 3 different designs for the iPhone 7 (AAPL) http://businessinsider.com/apple-testing-3-different-designs-for-iphone-7-2016-1…
223,"Hi5 to my favorite Texan 
@PatrickMoorhead
 for talking $AAPL HomeKit. I owe him a plate of beef ribs at 
@ironworksbbq
 http://cnb.cx/1VRvK62"
224,"#DellXPS13 #SurfaceBook – Best Laptops for 2016: Dell XPS 13, Microsoft Surface Book, Apple Mac... http://bit.ly/1ZjmLQz #macbook #AAPL"
225,"#MacBookAir #OSX – Macbook Pro 2016 Release Date, Specs: Everything You Should Know! : No Apple... http://bit.ly/1RBpFdw #macbook #AAPL"
226,"$AAPL 
'Failed’ Apple Watch & 'dead’ Mac will be more than 2x $FB revenue in 2015 and nearly 50% of $GOOGL revenue in 2015. 

Source: CML"
227,"""The 4 biggest challenges facing Apple's rumored wireless earbuds (AAPL)"" http://feedly.com/k/1ObsG1F"
228,#iOS #App – Every iPhone User Needs To Have These 22 Amazing Apps to Make Life Easier – The mobi... http://bit.ly/1VXsh60 #iPhone #AAPL
229,It's a well-known fact that #appleisdoomed $AAPL
230,Aapl giveaway RT : Happy BDay beautiful!!!  Shakur thank you for the support over the years... I…  https://twitter.com/LakesideTT/status/686333094094323712…
231,Apple’s #AAPL long growth rate is slowing - visit post: http://gettingtechnicalinfo.blogspot.ca
232,Evolution of the iPhone $AAPL
233,#FacebookMessenger #App – Facebook Messenger app for Mac could soon become a reality – Facebook... http://bit.ly/1mRQ5g3 #macbook #AAPL
234,"Peak Shenanigan: Peak Apple from delirious emcees on wall st media. 
$AAPL"
235,"$CYBR how did i miss that wave 5 truncation , one of the next 10X like $AAPL or GOOGL in 2000's ; someone takin acquiring it for peanuts!"
236,"Replying to 
@dailydirtnap"
237,"""iOS 9 now running on 75% of active iPhones and iPads"" $AAPL http://feedproxy.google.com/~r/TheIphoneBlog/~3/7MlDkQqTvE8/story01.htm…"
238,Tech Companies Will Take Over The Automotive Industry http://swedishtechinvestor.com/2015/03/tech-companies-will-take-over.html… #Mercedes #BMW $TECH $GOOG $AAPL $TSLA
239,"$AAPL Mass Production Of New APPLE TV Delayed, DIGITIMES"
240,Or is $AAPL seriously content with devs building for android first because everyone is fed up with their stone-age app store?
241,"Remember all those stock gurus in a raging bull market who told you to buy GPRO, AMBA, AAPL, TWTR. Did they tell you when to sell?"
242,There's already >5 startups working on pushing updates to React Native apps without needing the app store. How long until $AAPL buys one?
243,#iOS9 #Software – New iOS 9.3 tweak will help prevent you from racking up overage charges – Apple ... http://bit.ly/1Zy36wx #iPad #AAPL
244,"#iOS9 #WatchOS2 – iOS 9.3, watchOS 2.2 Auto Switch Feature Comes Handy If You Own Several Apple Wa... http://bit.ly/1laDbIg #iPad #AAPL"
245,"#iOS10 #iOS – iOS 10 Features and Improvements – What Are The New Changes?: At this moment, Apple ... http://bit.ly/1n2tzRB #iPad #AAPL"
246,#GalaxyTabProS #iPadAir3 – Galaxy TabPro S vs iPad Air 3: 12-inch tablets go head to head – With t... http://bit.ly/1RPDNjf #iPad #AAPL
247,"Vontobel Asset Management Purchases $200,905,000 in Apple Inc. $AAPL Shares http://ift.tt/1Qc6zLf"
248,Apple Inc. (AAPL) Given Buy Rating at JPMorgan Chase & Co.: Apple Inc. logo JPMorgan Chase & Co. reaffirmed th... http://bit.ly/1lfS4sE
249,Apple Inc. (AAPL) Given Buy Rating at JPMorgan Chase & Co.: Apple Inc. logo JPMorgan Chase & Co. reaffirmed th... http://pwzn.a.boysofts.com/LDC
250,Apple: How To Generate 10% To 21% Annualized Return: Apple AAPL -2.06%'s shares were up last week when the ove... http://wxhm.a.boysofts.com/1EcK
251,Apple: How To Generate 10% To 21% Annualized Return: Apple AAPL -2.06%'s shares were up last week when the ove... http://wxhm.a.boysofts.com/1EcI
252,"ZEM.TO BMO Emerging Markets Equity Index ETF News
http://dlvr.it/DHzBSn

$ZEM.TO $XLK $ERY $AAPL #ZEM.TO #pennystocks #stock"
253,"SH ProShares Short S&P 500 Fund Short Sales
http://dlvr.it/DHz3lQ

$SH $AAL $RY.TO $AAPL #SH #nasdaq #investing"
254,$AAPL $GOOGL $FB $AMZN $SPY $IBB http://cnbc.com/2016/01/17/stock-f…... Could be yet another rough week.
255,Apple: TSMC Partnership A Path To Even Greater Smartphone Dominance $AAPL
256,"What Happened in #3DPrinting in 2015 http://fool.com/investing/general/2016/01/16/what-happened-in-3d-printing-in-2015.aspx… via 
@themotleyfool
 $DDD $SSYS $AAPL"
257,"Under Armour, Fitbit And The Wearables Market Potential Under Deeper Analysis http://seekingalpha.com/article/3816876-armour-fitbit-wearables-market-potential-deeper-analysis?source=feed_f… $AAPL #APPLE $FIT $NKE $UA"
258,Apple vs. AAPL http://buff.ly/1OuBJJb
259,"Replying to 
@jimcramer"
260,#AAPL Stock: Is Apple Inc. the Next GoPro Inc? http://ezpopular.com/aapl-stock-is-apple-inc-the-next-gopro-inc/…
261,"$GPRO $FIT $YHOO $AAPL 
Steady falling, possible *Knight Recovery* pattern"
262,#AAPL Stock: Is Apple Inc. the Next GoPro Inc? http://ezpopular.com/aapl-stock-is-apple-inc-the-next-gopro-inc/…
263,"Stock Market Recap for Jan 20th 2016 Need Follow through
http://viralmarketnews.com/stock-market-recap-for-jan-20th-2016-need-follow-through/…
$AAPL $FB $NFLX $IBM $TWTR"
264,"$AAPL Daily
per your request 
@samy42
https://tradingview.com/x/QGSAUCjV/ via http://tradingview.com"
265,NVE (NVEC) Q3 2016 Results - Earnings Call Webcast http://ift.tt/1nyGOtd http://investwall.com #stocks #trading #investing $FB $AAPL
266,"$TPIV Stock Price Updated Thursday, January 21, 2016 5:59:25 PM $CHK $UPRO $XIV $AAPL"
267,"@dasan
 Ok gotcha.  I guess $AAPL as well. That's gone down 30%."
268,"Tap, explore, and fight your way through Dungelot: Shattered Lands http://dlvr.it/DLXhb2 #AppAdvice $AAPL"
269,Can Apple Inc. (AAPL) and Alphabet Inc (GOOGL) Keep the Rallies Going? http://schaeffersresearch.com/Content/news/2016/01/22/can-apple-inc-aapl-and-alphabet-inc-googl-keep-the-rallies-going?&utm_source=1%2f22%2f2016&utm_medium=email&utm_campaign=Recap&trackback=recapezine&utm_content=topheadlines… #SchaeffersResearch
270,"The guy leading the Apple Car reportedly just quit (AAPL)

LinkedIn/steve-zadesky

Steve Zadesky, the 16-year..."
271,Our Oil ETF Call - went from 1.00 to 1.70 in1day as Navi Nails bottom. Join us http://stockmarketmojo.com/specials.html $AAPL $SPY
272,Apple Inc. $AAPL Shares Sold by Duff & Phelps Investment Management Company http://ift.tt/1S27dwN
273,Apple Inc. $AAPL Shares Sold by Duff & Phelps Investment Management Company http://ift.tt/1PuKUc6
274,Apple Inc. $AAPL Shares Sold by Duff & Phelps Investment Management Company http://ift.tt/1S27dwN
275,$TWTR Jack Dorsey overhauling #Twitter’s executive ranks http://marketwatch.com/story/jack-dorsey-overhauling-twitters-executive-ranks-2016-01-24… $QQQ $SPY $SPX $LNKD #stockmarket #stocks $AAPL $GOOG $AMZN
276,$EEM Why #Europe has little to fear from global markets http://marketwatch.com/story/why-europe-has-little-to-fear-from-global-markets-2016-01-24… $SPY $SPX $ES_F $DIA $DJIA $IWM $RUT $QQQ $AAPL $TWTR $NFLX
277,Gene Munster To Appear On Benzinga's PreMarket Prep After Apple Earnings $AAPL
278,"Each time you think you got filled at the wrong price, remember that someone bought $GPRO at $95, $TWTR @ $54, $AAPL at $130.

#Perspective"
279,$SPY I'm already long $AAPL $115 Feb/Mar Call Calendar. This is a hedge to play tomorrow's earnings release.
280,"Apple reports earnings THIS Tuesday at 4:30 PM ET. What will everyone be watching? We're building a list: http://stks.co/f3ooc

$AAPL"
281,"Microsoft and Google are learning how hard it is to be like Apple (AAPL, GOOG, MSFT) http://goo.gl/fb/Hrf8SR"
282,"Replying to 
@NostraLord"
283,"BlackRock just upped its stake in 4 US tech giants (AAPL, FB, HPQ, MSFT): BlackRock has upped its stake in som... http://bit.ly/1Vptt10"
284,So tired of chicken-sh!t airhead investors fucking up $AAPL.
285,Love $AAPL SHORT
286,"""The one technology that I think could kill the iPhone (AAPL)"" http://feedly.com/k/1PFLzO8"
287,"$AAPL Briefly: iPad Pros for FL school, Apple's iPhone Upgrade Program http://bit.ly/1lU5s6e @MaximumPenny"
288,#iPhone5se #iPhone5 – Apple may launch an entry-level iPhone 5se in March: Report : Apple could... http://bit.ly/1JJFRZf #iPhone #AAPL
289,"#iPhone6s #iPhone7 – Apple shares fall to 2-year low, tumble 6.5% : Apple Inc shares fell more ... http://bit.ly/1JJFQ7H #iPhone #AAPL"
290,#iPhone7 #Smartphone – iPhone 7 Rumors: Apple Patent Reveals Smaller Camera With Spherical Lens... http://bit.ly/1PWq6uC #iPhone #AAPL
291,"#iPhone7 #iOS10 – iPhone 7 concept ditches the headphone jack, shows how thin the iPhone 7 migh... http://bit.ly/1PWq6eb #iPhone #AAPL"
292,Then rite be4 the Bell rang Mod #WallSt alerted $WATT I told SUBS go LONG on this $AAPL news this is a FORMER RUNNER
293,"$UGA Stock Message Board Updated Friday, January 29, 2016 5:59:23 PM $C $FCX $CPB $AAPL http://dlvr.it/KM2H5f"
294,The Trading Game $AAPL http://wlst.com http://bloomberg.com/features/2015-stock-chart-trading-game/index.html?ticker=aapl&gameid=1454111547778…
295,Apple Inc. (AAPL) Q1 2016 Earnings Preview: iPhone Sales May... http://dlvr.it/KMRnxF #AppleInc
296,Microsoft Suffers Revenue Decline In The December Quarter http://seekingalpha.com/article/3847586-microsoft-suffers-revenue-decline-december-quarter?source=tweet… $AAPL $GOOG $GOOGL $MSFT
297,"My economic due diligence tells me to Buy stocks cheap, but the market dictates to trade. $AAPL $NFLX"
298,"The man in charge of Windows design explains why it doesn't matter that he uses an iPhone (MSFT, AAPL) http://buff.ly/1P5yyry

Justin Sul…"
299,"Our room knows the levels and trades confidently Ur on $TWTR, TAKE A FREE TRIAL $AAPL $AMZN $GOOGL $FB $NFLX $TSLA $BABA $BIDU $PCLN $V $CMG"
300,$AAPL received a new alert. Find out why at http://mediasentiment.com #stocks #daytrading #trading #mkt  #NYSE #NASDAQ #markets 214
301,"$AAPL same market cap, who make more profit? Apple profit close to $GOOGL total revenue. Seel Goog and buy $AAPL"
302,"Google just passed Apple to become the most valuable company in the world (aapl, goog) http://ow.ly/XP6KM"
303,Clash of the titans: $GOOG passes $AAPL as most valuable company thanks to strong Q4 $FB $AMZN $MSFT $BABA $XOM
304,"Since 1929, 12 companies have been the S&P 500's biggest, with 5 in the Technology Sector:
$AAPL
$CSCO
$GOOG $GOOGL
$IBM
$MSFT
Per 
@hsilverb"
305,"$BTG Percent Change Updated Tuesday, February 2, 2016 6:00:35 PM $COP $DIS $AAPL $NUGT http://dlvr.it/KNsStD"
306,#Setting4Success Apple has mysteriously started sending employees to a lab at Stanford (aapl) #News #smallbusiness #entrepreneur
307,"Here are the most valuable companies in America since 1990 (GOOGL, GOOG, AAPL) http://klou.tt/4r64gyb67zn3"
308,Apple not going down easy as it overtakes Google parent Alphabet: Apple's (AAPL) stock is trying to shake the ... http://usat.ly/1o6Xybp
309,'Peter Panic' is a Musical Video Game with Broadway Performers from Adult Swim Games http://dlvr.it/KPqTY8 #TouchArcade $AAPL
310,Has Apple Inc. (AAPL) Lost its Hunger to Innovate? - LearnBonds http://bit.ly/1R7CnkO #multitouch #display
311,Morgan Stanley Says Apple Stock Ripe For Picking: Apple (AAPL) stock has been knocked down by growth concerns ... http://wxhm.a.boysofts.com/1Hdx
312,Morgan Stanley Says Apple Stock Ripe For Picking: Apple (AAPL) stock has been knocked down by growth concerns ... http://wxhm.a.boysofts.com/1Hds
313,How to back up your contacts on your iPhone and Mac http://dlvr.it/KQqKlX #Macworld $AAPL
314,"$AAPL Financials Updated Friday, February 5, 2016 5:59:23 PM $NVDA $RSP $EWC $RL http://dlvr.it/KQqKKC"
315,"Works for Samsung---- Apple, Inc has filed for mistrial in $625M VirnetX lawsuit http://appleinsider.com/articles/16/02/05/apple-inc-has-filed-for-mistrial-in-625m-virnetx-lawsuit… $AAPL"
316,$AAPL 200 sma on the weekly $AAPL http://dlvr.it/KRFKYg ~ via http://RobotsFX.org
317,Over 130 people still trapped in quake-hit Taiwan tower - official #Commodities #Finance #AAPL.US #Stocks https://dukascopy.com/refpro/in.php?aHR0cHM6Ly93d3cuZHVrYXNjb3B5LmNvbS9meHNwaWRlci9lbi9tLzQ1NDgwMjg5OTMzNTM4MDI4MjgvP3V0bV9zb3VyY2U9dHdpdHRlciZ1dG1fbWVkaXVtPXNvY2lhbCZ1dG1fY2FtcGFpZ249ZnhzcGlkZXIlMjB0d2l0dGVyJTIwcG9zdGluZwpzcHAtdHctU3BpZEVO…
318,$AAPL 200 sma on the weekly $AAPL
319,Apple Inc (AAPL) Responds To iPhone Error 53 Outrage – LearnBonds http://devices.measurementmedianetwork.com/?p=86635
320,Apple Inc (AAPL) Responds To iPhone Error 53 Outrage http://ift.tt/1S9R7Rs
321,"Nice work apple. $aapl 
Ways to not watch Super Bowl 50. Own an Apple TV"
322,"We can tell #LadyGaga is a #WildBerryCocktail #Flavor, #Pink #Lollipop lover! New 
@LickStreamRadio
 logo rocking the world! #AAPL #SuperBowl"
323,"Free stock chat with professional traders at http://StockTips.chat.  Enjoy!!!

Related: $KERX $NVAX $SFUN $GOOG $AAPL $LNKD $TWTR $FB"
324,History of a bear market $SPY $SPX $AAPL $WTI $CHK $TWTR http://wlst.com http://video.cnbc.com/gallery/?video=3000492282…
325,carter worth agrees with me $SPY $SPX 1500...YIPPEE!! http://video.cnbc.com/gallery/?video=3000492282…  $AAPL $WTI $CHK $TWTR. down on $TWTR :-(
326,#Apple ( $AAPL) Music to go live on Sonos connected speakers. Read more: https://owler.com/iaApp/article/56ba7ce6e4b07306fc288d0b.htm?utm_source=twitter&utm_medium=social&utm_campaign=sectorNews_ComputerHardware…
327,#Apple ( $AAPL) Music to go live on Sonos connected speakers. Read more: https://owler.com/iaApp/article/56ba7ce6e4b07306fc288d0b.htm?utm_source=twitter&utm_medium=social&utm_campaign=sectorNews_Peripherals…
328,"Buy a new Belkin screen protector at an #Apple ( $AAPL) Store, and it will be installed perfectl... Read more: https://owler.com/iaApp/article/56ba7c7ce4b047a979b20dc9.htm?utm_source=twitter&utm_medium=social&utm_campaign=sectorNews_ComputerHardware…"
329,"Buy a new Belkin screen protector at an #Apple ( $AAPL) Store, and it will be installed perfectl... Read more: https://owler.com/iaApp/article/56ba7c7ce4b047a979b20dc9.htm?utm_source=twitter&utm_medium=social&utm_campaign=sectorNews_Peripherals…"
330,#Apple ( $AAPL) Ad Block Doesn't Stop Criteo From Crushing Q4 Earnings. Read more: https://owler.com/iaApp/article/56bbce45e4b047a979b305c2.htm?utm_source=twitter&utm_medium=social&utm_campaign=sectorNews_ComputerHardware…
331,#Apple ( $AAPL) Ad Block Doesn't Stop Criteo From Crushing Q4 Earnings. Read more: https://owler.com/iaApp/article/56bbce45e4b047a979b305c2.htm?utm_source=twitter&utm_medium=social&utm_campaign=sectorNews_Peripherals…
332,#Apple Inc. ( $AAPL) is Braun Stacey Associates Inc.'s Largest Position. Read more: https://owler.com/iaApp/article/56bbce76e4b0fecf24f9fedf.htm?utm_source=twitter&utm_medium=social&utm_campaign=sectorNews_Peripherals…
333,"AAPL Apple, Inc. Exchange
http://dlvr.it/KTgMWF

$AAPL $IYT $IWM $GFI  #stock #stocks"
334,#Markets: Apple Is Undervalued: Apple Inc. (NASDAQ:AAPL) is currently down almost 10% year... http://onforb.es/1o869Ln #IBM @IBM_DS_Europe
335,"Apple Is Undervalued: Apple Inc. (NASDAQ:AAPL) is currently down almost 10% year to date, although it remains ... http://onforb.es/1o4dVVQ"
