,Title,Timestamp
0,Diversification isn't working,2020-02-03 22:20:26
1,Motley Fool Tom's Best Buy Now (13 Feb 20),2020-02-15 11:57:16
2,Covid-19 stocks,2020-02-25 17:07:15
3,Invest wisely,2020-02-27 20:37:09
4,Bull Outpost - ZM DD,2020-02-28 11:31:44
5,"Wall Street Week Ahead for the trading week beginning March 2nd, 2020",2020-02-29 10:49:03
6,"Wall Street Week Ahead for the trading week beginning March 2nd, 2020",2020-02-29 10:51:54
7,ZOOM Technologies is NOT Zoom Video Communications (ZM).,2020-03-02 10:52:06
8,"Today's Stock Market News [Tuesday, March 3rd, 2020]",2020-03-03 09:10:28
9,"Today's Stock Market News [Tuesday, March 3rd, 2020]",2020-03-03 09:14:37
10,Zoom Right Now,2020-03-03 14:29:49
11,Simple Bear Market Strategy for Small Investors,2020-03-05 13:21:10
12,Coronoavirus Stocks,2020-03-07 21:53:14
13,Autists being Autists,2020-03-17 21:39:33
14,"What are you planning to buy ""on-sale""",2020-03-19 07:48:33
15,Zoom (ZM) stock and thoughts on working from home for the foreseeable future,2020-03-19 11:22:17
16,Why isn't anyone talking about $CSCO?,2020-03-19 11:35:46
17,Who are the autists that are buying the wrong ZOOM??!,2020-03-20 13:27:01
18,"Stock Watch List March 23, 2020",2020-03-23 08:48:24
19,ZM stock - Zoom Video Communications - hype,2020-03-23 11:26:35
20,Zoom ( Ticker: ZM) Fundamental and Technical Analysis,2020-03-23 12:00:01
21,"Today's Stock Market News [Tuesday, March 24th, 2020]",2020-03-24 08:29:09
22,"Today's Stock Market News [Tuesday, March 24th, 2020]",2020-03-24 08:30:53
23,MTCH 7/17 90-110c,2020-03-24 21:50:48
24,"Today's Stock Market News [Wednesday, March 25th, 2020]",2020-03-25 08:17:11
25,"Today's Stock Market News [Wednesday, March 25th, 2020]",2020-03-25 08:18:51
26,Zoom Technologies Trading Suspended After Ticker Confusion,2020-03-26 12:04:53
27,Zoom Technology Shares Suspended,2020-03-26 13:08:28
28,"Stock Watch List March 27, 2020",2020-03-27 08:50:50
29,Growth Stocks Watch-list | Swing Trade/Position Trade | GSX ZM CHWY DXCM + More,2020-03-30 08:29:43
30,"Stock Watch List March 30, 2020",2020-03-30 08:54:00
31,"Today's Pre-Market Movers & News [Tuesday, March 31st, 2020]",2020-03-31 08:29:24
32,"Today's Pre-Market Movers & News [Thursday, April 2nd, 2020]",2020-04-02 08:26:53
33,"Today's Pre-Market Movers & News [Thursday, April 2nd, 2020]",2020-04-02 08:28:22
34,"Stock Watch List April 2, 2020",2020-04-02 08:47:57
35,Here's all plays posted in the last 24 hours,2020-04-02 16:35:42
36,This is all plays commented in the last 24 hours,2020-04-03 23:24:02
37,Question about Zoom investment. Some DD,2020-04-05 02:19:12
38,Let me try this again with more info. I apologize. You have less than two weeks to purge your account PART 2 - With proper images and stock cross-references.,2020-04-05 08:57:53
39,Big Shorts Looming?,2020-04-05 16:07:32
40,"Stock watch list April 6, 2020",2020-04-06 08:49:47
41,"Today's Pre-Market Movers & News [Monday, April 6th, 2020]",2020-04-06 08:51:29
42,"Today's Pre-Market Movers & News [Monday, April 6th, 2020]",2020-04-06 08:53:07
43,My 4-6-20 Socks In Play Watchlist,2020-04-06 09:20:19
44,PTON. Peloton suspends live classes,2020-04-06 17:03:59
45,Zoom lacks security,2020-04-07 18:52:13
46,Institutional ownership,2020-04-08 09:49:55
47,Here are all positions posted in the last 24 hours,2020-04-08 21:06:00
48,"Today's Pre-Market Movers & News [Thursday, April 9th, 2020]",2020-04-09 08:45:10
49,Here are all positions posted in the last 24 hours,2020-04-09 16:38:14
50,"What Happened, and Why Markets Seem Irrational",2020-04-10 23:34:35
51,Here are all positions posted in the last 24 hours,2020-04-11 17:18:18
52,"Stock watch List April 13, 2020",2020-04-13 08:46:21
53,Does strike price matter for synthetic shorts?,2020-04-13 11:37:49
54,Here are all positions posted in the last 24 hours,2020-04-13 16:26:23
55,"Alteryx, Inc. This is some pretty Guaranteed Money (Probably)",2020-04-13 21:52:48
56,"Stock Watch List April 14, 2020",2020-04-14 08:49:32
57,Here are all positions posted in the last 24 hours,2020-04-14 17:32:20
58,Literal free money on Zoom (ZM) puts...,2020-04-15 13:19:12
59,Here are all positions posted in the last 24 hours,2020-04-15 18:27:40
60,STONK MARKET =/= ECONOMY,2020-04-16 22:36:05
61,How does Yahoo Finance calculate Market Cap?,2020-04-18 06:06:26
62,Follow the Big Money | Let's talk about Options Order Flow,2020-04-19 13:15:12
63,Who is winning the videochat war? Survey inside,2020-04-20 17:19:37
64,Stock Thread 2.0,2020-04-22 20:06:45
65,Here are all positions posted in the last 24 hours,2020-04-23 16:43:56
66,In-Depth Analysis and Valuation on Zoom Video Communications (ZM),2020-04-24 02:38:20
67,Question about how stocks are priced,2020-04-24 18:08:20
68,Here are all positions posted in the last 24 hours,2020-04-24 19:13:21
69,Here are all positions posted in the last 24 hours,2020-04-25 20:17:53
70,The Zoom bubble is popping,2020-04-27 09:17:25
71,"Stock watch list April 29, 2020",2020-04-29 08:45:10
72,"Stock Watch List April 30, 2020",2020-04-30 08:45:12
73,Here are all positions posted in the last 24 hours,2020-04-30 12:07:49
74,Do you believe Zoom has a future or is it a fad?,2020-05-01 14:57:33
75,Does any website have accurate float and shares outstanding numbers for equities?,2020-05-04 14:53:12
76,Stop Buying Zoom Puts,2020-05-05 04:25:03
77,Wayfair/Shopify Puts,2020-05-05 09:03:45
78,Let's compile a list of Fad stocks that rose during the Coronavirus scare and only due to the Cornavirus scare (and the responses to it),2020-05-06 16:56:36
79,Turtle Beach ($HEAR) earnings today. BUY CALLS!,2020-05-07 08:43:07
80,ZM: why the market may be substantially underestimating the upside,2020-05-07 11:33:39
81,"AyyPce Charts - CAKE, LOGI, HD, more charts to come for 5-15 Week",2020-05-10 16:09:54
82,Day 4 5/14 : From Down to Up - The Road to $18385.37 - +9.96% ($1968.86 - $2165.08),2020-05-14 16:21:51
83,$ZM retard strength,2020-05-15 11:23:20
84,Day 5 5/15 : From Down to Up - The Road to $18385.37 -6.57% ($2665.08 - $2489.82),2020-05-15 16:28:57
85,ZOOM is going down! And I need it to do so now!,2020-05-17 14:30:04
86,When to call it quits and seek advice from a financial advisor,2020-05-17 23:41:42
87,"Zoom (ZM) CEO/Founder Yuan, Eric S. sells out of all his stock on May 12th",2020-05-18 15:46:06
88,Criticize my plan,2020-05-18 23:36:32
89,Here are all positions posted in the last 24 hours,2020-05-19 17:52:54
90,Day 7 5/16 : From Down to Up - The Road to $18385.37 -19.40% ($2364.82 - $1904.13),2020-05-19 20:51:07
91,DD: The KEY STATISTIC ON WHY YOU SHOULD NOT SLEEP ON SLACK,2020-05-21 07:04:20
92,Meme Stonks,2020-05-26 20:02:57
93,Here are all positions posted in the last 24 hours,2020-05-27 17:00:52
94,Arbitrage tech and mainstreet,2020-05-27 18:18:26
95,"Wall Street Week Ahead for the trading week beginning June 1st, 2020",2020-05-30 08:50:41
96,"Wall Street Week Ahead for the trading week beginning June 1st, 2020",2020-05-30 08:57:08
97,"Zoom, Zscaler and Zynga... don't sleep on these ðŸ˜´",2020-06-01 18:27:59
98,Short zoom?,2020-06-02 08:31:55
99,"Zoom Video earnings and sales blow away expectations, stock rises toward more records",2020-06-02 16:31:39
100,Technology stocks and the problem with Zoom (ZM),2020-06-02 18:12:59
101,Your tendies at $WORK,2020-06-04 10:55:26
102,WORK (Slack Technologies) discussion and thoughts,2020-06-04 19:03:51
103,Get your COCKU into $DOKU,2020-06-05 17:07:59
104,Is this what a bubble looks like?,2020-06-08 17:08:33
105,Is this what a bubble looks like?,2020-06-08 17:09:12
106,How legit is this strategy? Calendar spreads before earnings reports,2020-06-13 04:05:10
107,A primer on valuing publicly traded growth-stage companies.,2020-06-15 14:34:26
108,Will we ever see the March lows again? FUNDAMENTAL DD INSIDE,2020-06-16 07:30:23
109,Think or Swim P/L Inaccuracy,2020-06-17 11:53:38
110,Thoughts on ZM among others in the near future,2020-06-19 00:46:11
111,Stock tips - Trading on Breakouts,2020-06-19 15:24:17
112,Zoom (ZM) stock analysis. Put option volume increasing dramatically,2020-06-20 13:41:02
113,"Rebuttal to ""Zoom (ZM) stock analysis"" with an actual analysis",2020-06-21 03:56:21
114,"Rebuttal to ""Zoom (ZM) stock analysis"" with an actual analysis",2020-06-21 08:17:07
115,Whoâ€™s got some $ZM porn?,2020-06-22 12:19:56
116,"What are ""Contingent Income Auto-Callable Securities"" M.S. about to sell on $ZM ?",2020-06-23 23:23:30
117,Significant Insider Trading Activity (Last 7 Days),2020-06-25 13:42:03
118,My 32p DKNG might print today,2020-06-26 12:47:49
119,[Chart] Voodoo & [Options] Chains - $PLNT,2020-07-01 15:34:15
120,Q2 Update from the Desk of Jerome Powell,2020-07-05 16:57:32
121,Did you see the woman in the red dress two weeks later?,2020-07-08 16:44:32
122,Stock valuations compared to the past,2020-07-09 04:00:24
123,Top Gun Of Retardation.,2020-07-14 12:20:15
124,The trick to keep Stonks going up again and again,2020-07-14 15:22:59
125,Thoughts on 50% ZM / 50% GLD,2020-07-15 01:49:45
126,"Since fundamentals and earnings don't matter in this market, how are you identifying short term opportunities?",2020-07-17 19:08:16
127,"Stock Analysis: NIO, AMD, TEAM, ZM and More! | ""I Take Requests"" for the Week of July 20th, 2020",2020-07-20 13:26:38
128,Long DBX into earnings?,2020-07-27 09:19:43
129,"""Strike it big stocks for the next decade"", year 1 retrospective",2020-07-30 03:25:45
130,Pre-Earnings Discussion: Dropbox (DBX),2020-08-03 02:50:38
131,TRADE OF THE DAY: Zoom ($ZM) 252.5/255 Vertical Debit Call Spread 4SEP [08/03/20],2020-08-03 09:21:58
132,Sector Rotation and Positioning,2020-08-10 00:37:33
133,Zoom Video (ZM) Stock Plunges After Salesforce Sells Stake,2020-08-11 12:34:22
134,gonna start building a Biden/Harris strategy,2020-08-12 15:41:02
135,Interview with The 2019 US Investing Champion Leif Soreide,2020-08-17 18:00:29
136,"Interview with US Investing Champion Leif Soreide (Tips for Stock Selection, Entries/Exits, and Risk Management)",2020-08-17 18:04:21
137,Many years of browsing with the boys but like yâ€™all getting jaded,2020-08-18 23:45:42
138,"Wall Street Week Ahead for the trading week beginning August 31st, 2020",2020-08-28 17:18:45
139,"Wall Street Week Ahead for the trading week beginning August 31st, 2020",2020-08-29 08:48:38
140,"Here is a Market Recap for today, Monday, Aug 31!",2020-08-31 16:40:52
141,Stock Market Live Updates 01/09 - ZM Stock Surges,2020-09-01 03:34:18
142,"Hey! Here is a Market Recap for today, Sept 1",2020-09-01 16:32:20
143,"If This Wonâ€™t Get You Unbanned, What Will? (WSB SACIRIFICE)",2020-09-01 19:09:04
144,Giving back some tendies,2020-09-02 09:20:00
145,Another 250% Option Play,2020-09-02 20:08:05
146,I bought a zoom put after their earnings went through the roof.,2020-09-03 19:58:24
147,How to predict the next ten year?,2020-09-13 06:03:49
148,How to be Wrong and Still Make Money: A comprehensive guide to selling credit spreads,2020-09-16 15:46:57
149,ZM and SNOW who is still buying?? ZM CEO just cashed in!,2020-09-28 18:10:07
150,Inexpensive LEAPs on Cannabis Stocks,2020-09-30 12:40:51
151,"Electric truck player HYLN ""IPO"" and DD",2020-10-02 07:30:55
152,Disruptive companies?,2020-10-02 21:00:23
153,"Market Recap - Monday October 12, PLEASE ENJOY!",2020-10-12 16:29:16
154,"Here is a Market Recap for today Thurs, Oct 15, 2020. Please enjoy!",2020-10-15 16:06:13
155,Recovery stocks are the obvious play from here.,2020-10-15 17:59:38
156,"Nearly $10,000 loss today trying to short the $PTON, $SNAP, and $ZM steamrollers. Is this the way?",2020-10-15 18:07:06
157,$NOK time again!,2020-10-17 18:05:04
158,Everything Is Priced In: Let's calculate how much growth Zoom and Tesla have priced in,2020-10-18 16:41:31
159,new highs new lows,2020-10-19 12:05:55
160,"Holding ~5% cash in my portfolio for a â€œrainy dayâ€ (eg, market correction). Arguments pro or con?",2020-10-20 15:03:39
161,Zoom stock(ZM),2020-10-21 16:18:07
162,"$5,000.00 Loss in a Month",2020-10-23 15:16:08
163,Election Week Predictions,2020-11-01 01:31:16
164,"No solid foundations this week, stay flexible",2020-11-01 21:09:18
165,"At this point, if you still haven't made your first 100k yet, you might as well quit",2020-11-05 17:31:19
166,"What is a True Market Leader (TML) + And how to find them? (Ex. SHOP 2016-2020, ZM 2020, AAPL 2005-2012",2020-11-07 19:03:07
167,"PsychoMarket Recap - Monday, November 9, 2020",2020-11-09 16:12:50
168,"Zoom Share Price | Zoom Stock Chart. ISIN: US98980L1017 | Symbol: ZM | Type: Ordinary Shares. Real-time shares price updates for Zoom, technical analysis and fundamental analysis.",2020-11-10 11:49:52
169,What stocks have the same insane premium to stock price ratio as ZM?,2020-11-12 14:04:35
170,"The Most Popular Tickers on Reddit for Today, 2020-11-14",2020-11-14 21:08:46
171,"Which one of you got put in charge of the largest U.S Pension? CALPERS buys hundreds of thousands of shares in NKLA, NIO, and ZM",2020-11-15 16:58:06
172,"Here is a Market Recap for today Monday, Nov 16, 2020. Please enjoy!",2020-11-16 16:03:10
173,Stock Watch List - Nov 18 2020 ($BABA $QDEL $NFLX $FSLY $ZM $DKNG $KSS $TWLO $QCOM $RUN $PTON $EXPE),2020-11-18 01:46:15
174,"The Most Popular Tickers on Reddit for Today, 2020-11-20.",2020-11-20 17:30:14
175,ZM Speculation Double D's,2020-11-20 19:25:40
176,Dr. Michael Burry is gonna iLUMNate your portfolio with tendies.,2020-11-20 22:34:47
177,"Here is a Market Recap for today Monday, November 23, 2020. PLease enjoy!",2020-11-23 16:25:52
178,"Here is a Market Recap for today Tuesday, Nov 24, 2020. Please enjoy!",2020-11-24 16:55:15
179,Gains from me mums ashes,2020-11-25 09:56:27
180,"Take your winnings and switch tables - NIO, BLNK, LI, XPEV, etc to BABA, GME, FSLY, OSTK",2020-11-25 11:57:35
181,"Real Institutional DD for you losers, how to play this market",2020-11-25 13:40:36
182,"Wall Street Week Ahead for the trading week beginning November 30th, 2020",2020-11-28 10:24:47
183,"Wall Street Week Ahead for the trading week beginning November 30th, 2020",2020-11-28 10:30:39
184,"Here is a Market Recap for today Tuesday, December 1, 2020",2020-12-01 16:00:00
185,"$157K to $757K (and $50K loss today): ZM, PRPL, FMCI .... and now two YOLOs to $1MM+ ... IPOB and OAC",2020-12-01 21:16:03
186,LUMN - getting ready for breakout,2020-12-09 23:57:51
187,What are your favorite sources for tracking the market?,2020-12-15 18:43:56
188,My dad actually subscribed to Motley Fool ~2 years ago. And has a 62% return so far.,2020-12-18 20:48:53
189,How to spot an explosive breakout,2020-12-22 14:46:00
190,"Down 19% on $140,000 investment in $ZM (Zoom) stock. What is your investor sentiment on its mid-long term trajectory?",2021-01-01 17:49:24
191,Inflation + Stimulus = Buy Shipping (Discussion),2021-01-08 21:49:29
192,Small Cap opportunities for 2021,2021-01-09 13:02:01
193,Why I think Motley Fool is a legitimate resource for stock picking,2021-01-11 13:25:29
194,"Zoom Puts are Free Money, DD Inside",2021-01-13 21:06:57
195,Since everyone seems to be an expert on gamma squeezes...,2021-01-24 19:58:44
196,Is ZM the next big thing??,2021-01-31 07:55:59
197,$SPCE potentially an interesting sideshow ðŸ‘€ðŸ‘€,2021-02-01 17:39:52
198,DDDD - Is GME being Illegally Naked Short Sold?,2021-02-02 03:59:55
199,Fidelity Investments Sold Its Entire Stake in GameStop. Time to realize itâ€™s not WSB vs Wall St and move on with your life,2021-02-10 14:25:15
200,Ray Dalio's hedge fund unloaded its stake in Tesla and poured millions into Goldman Sachs and JPMorgan in the 4th-quarter.... Blackberry,2021-02-19 09:20:46
201,"Ideas and plays in case we have a correction, a good thesis on why the correction as well. Good luck!",2021-02-23 07:11:17
202,"ZM, NVAX, OKTA, SE, LMND, FUBO, NIO Stock Earnings & More This Week!",2021-02-28 14:28:41
203,(3/2) Tuesday's Pre-Market Stock Movers & News,2021-03-02 08:40:43
204,"Here is a Market Recap for today Tuesday, March 2, 2021. Please enjoy!",2021-03-02 16:44:51
205,"Here is a Market Recap for today, Tuesday, March 2, 2021. Please enjoy!",2021-03-02 16:45:20
206,"Here is a Market Recap for today Tuesday, March 2, 2021. Please enjoy!",2021-03-02 16:46:00
207,Cathie Wood ArkInvest 03/02 | ARK ETFs Briefing | Buy Buy Buy,2021-03-03 03:22:25
208,CCL will sink in 2021 like their aging ships,2021-03-04 12:17:56
209,Where is SNOW heading?,2021-03-04 18:23:22
210,"Cathie's most bought / sold stocks this week (as % of ETF). Top buys: ZM, TSLA, TDOC. Top sells: TSM, PYPL, FB. (PLTR 11th most bought stock this week!)",2021-03-06 05:21:07
211,"Here is a Market Recap for today Monday, March 8, 2021.",2021-03-08 16:39:09
212,Pandemic proof stocks?,2021-03-09 16:14:06
213,Short interest: Enough for GME?,2021-03-11 05:39:14
214,frc in a great time to buy in a up trend,2021-03-11 06:19:35
215,"IlLUMNated? Who Wins and Loses When Autists, Christian Bale and Tendies Collide?",2021-03-11 23:13:36
216,Will Mid-Summer Be Prime for Covid Plays Again,2021-03-17 00:55:13
217,BNGO Earnings Likely Outcomes (could b wrong),2021-03-21 19:27:56
218,(3/26) Friday's Pre-Market Stock Movers & News,2021-03-26 08:27:56
219,"MCI-MCIC, The TuSimple IPO, and how to profit off retards",2021-04-13 17:47:05
220,"Diversification, Questions about ETFs: STOCKS (VTI/IVOG/VONG)",2021-04-21 22:10:56
221,My $ZM DD was on point and you can still profit from it!,2021-04-28 18:50:28
222,Why the stock market is falling now.,2021-05-13 09:33:21
223,"Pension Fund Trims GME Holdings, But Not By Much! How About An AMA With Pension Funds Managers?",2021-05-22 17:54:11
224,Buy Zoom (ZM) Stock Down 40% Before Q1 Earnings?,2021-05-27 20:02:31
225,$Z will disrupt most aspects of the industry that has one of the biggest addressable markets (TAM),2021-05-31 17:02:59
226,"Larry Cheung, CFA - Zoom (ZM) Stock Analysis 2021",2021-05-31 18:45:32
227,"Larry Cheung, CFA - Zoom (ZM) Stock Analysis 2021",2021-05-31 18:46:23
228,Post earnings insight shows possible upside for $ZM,2021-06-03 10:16:46
229,Don't Look Now But ZM About To Zoom.,2021-06-10 13:13:29
230,Prediction Stocks movement for this week,2021-06-22 23:56:59
231,CLOV detailed DD,2021-06-23 02:18:49
232,"My prediction results . AMD, PLTR , NIO who are the winners?",2021-06-23 10:41:38
233,Todays most active stock options $AMD $TSLA $F $ZM $TLRY,2021-07-29 12:18:33
234,Important dates from my watch list.,2021-07-29 20:21:14
235,"Wall Street Week Ahead for the trading week beginning August 9th, 2021",2021-08-06 19:03:30
236,"Wall Street Week Ahead for the trading week beginning August 30th, 2021",2021-08-28 08:25:41
237,"Wall Street Week Ahead for the trading week beginning August 30th, 2021",2021-08-28 08:30:17
238,All Stocks Reporting Earnings This Week (by Sector and Market Cap),2021-08-28 17:12:04
239,"Analystâ€™s Positive On Zoom (ZM) Stock Ahead of Earnings, Despite Concerns",2021-08-30 09:56:29
240,ðŸš¨ ZOOM STOCK (ZM) JUST CRASHED AFTER EARNINGS,2021-08-30 19:10:03
241,"Morning Update for Tuesday, 08/31/21",2021-08-31 08:47:54
242,Zoom (ZM) Stock Falls 11% As Guidance Comes In Below Forecasts,2021-08-31 08:56:58
243,Here's Your Daily Market Brief For August 31st,2021-08-31 09:12:29
244,"PsychoMarket Recap - Tuesday, August 31, 2021",2021-08-31 16:37:58
245,"@Reuters: ByteDance says it will downsize fintech business, plans to sell stock broker ops https://t.co/zmDVsmyLR8 https://t.co/gmu43i7qlJ",2021-09-02 04:07:37
246,"POLY, At a recent $32, the stock now trades for about 0.7 times anticipated revenue for the March 2023 fiscal year, and just under eight times projected profits for the same period. In comparison, Logitech International (LOGI), 22 times.",2021-09-02 10:59:40
247,"Zen Graphene with 'Paradigm Changing Applications' in Healthcare, Green Energy, and Materials Science",2021-09-02 13:18:11
248,Is this the end of ZOOM (ZM) Stock?,2021-09-04 22:31:33
249,ZM DD (STFU Slim Jim Cramerrrr),2021-09-15 15:27:09
250,Imagine you bought a crypto coin and wait for a rebound.This is a coin miner company.This may surprise you in the future.,2021-09-17 13:20:02
251,How to Play the Current Market Drop,2021-09-19 14:51:59
252,"$ZM - Needham sees #Genesys and $KLTR as 'Plan B options' if $FIVN deal is derailed, remains cautious on stock",2021-09-21 11:26:03
253,"Morning Update for Friday, 10/01/21",2021-10-01 08:45:03
254,"Morning Update for Friday, 10/22/21",2021-10-22 08:38:45
255,"Thomas1774Paine: Isn't announcing you're shorting Trumps new stock -- isn't that market manipulation? Oh, just a 'little' ... https://t.co/X3L50YraZM",2021-10-25 23:19:28
256,"Will there be some pain in $ARKK into year end? (I know, I know)",2021-11-07 06:03:43
257,$ZM PUTS is the next easy play,2021-11-11 12:09:22
258,Rivian - Is this the right time to buy?,2021-11-16 08:56:33
259,Rivian - Is this the right time to buy?,2021-11-16 09:01:39
260,Rivian - Is this the right time to buy?,2021-11-17 09:07:09
261,Degiro have changed their fees - see post detail (received via email),2021-11-19 03:19:48
262,"Morning Update for Friday, 11/19/21",2021-11-19 08:46:12
263,"ZM Earnings: ZM will plummet, but by how much?",2021-11-19 13:14:32
264,"Wall Street Week Ahead for the trading week beginning November 22nd, 2021",2021-11-19 19:49:22
265,"Historical Post Earnings Moves MEGA Compilation AND Analysis (Q3 Week 7) - $ZM, $BBY, $DKS, $DLTR, $PDD, $XPEV, $DE, and More",2021-11-21 16:46:23
266,"HoT StOCkS -- ISPC, ZM, SAND.X, AADI, XPEV, LGVN, AMP.X, BBY, MDT, ARKK, DLTR, GENI, ADI, J, UDMY, DKS, MU, AEO, BURL, SJM, DY, CRO.X, MOV, LORL, MRVL, AIRS, TITN, ANF, BYSI, BOIL",2021-11-23 07:56:18
267,Todays most active stock options $AAPL $TSLA $NIO $ZM $PAGS $DKNG $LCID $F,2021-11-23 12:47:13
268,"Wish Price target $25. If it can last that long, sure. I have seen beaten down stocks which can figure out a turn around strategy can go at least 700% from their lowest price. In this case 3.57 x 7 = 24.99 I Examples: ETSY, FB, NIO, ZM, TWLO, TSLA, ROKU, SQ, PINS, TLRY, M",2021-11-24 11:23:53
269,"Morning Update for Friday, 11/26/21",2021-11-26 08:17:08
270,A look at the week ahead using options flow data: Covid Stocks edition $PFE $MRK $PTON $ZM $WMT etc,2021-11-28 13:29:46
271,"Technical analysis of Zoom Stock | ISIN: US98980L1017 | Symbol: ZM dated November 28, 2021. 14 technical indicators on the daily timeframe show a signal: SELL. Details on the official website:",2021-11-28 15:35:17
272,(11/29) Monday's Pre-Market Stock Movers & News,2021-11-29 08:24:04
273,"Morning Update for Monday, 11/29/21",2021-11-29 08:44:41
274,(12/1) Wednesday's Pre-Market Stock Movers & News,2021-12-01 08:59:47
275,(12/1) Wednesday's Pre-Market Stock Movers & News,2021-12-01 09:02:56
276,Zoomâ€™s Microsoft Problem Comes to Light,2021-12-02 08:37:10
277,"TDOC holders, will we overcome???",2021-12-02 09:29:08
278,"Morning Update for Friday, 12/3/21",2021-12-03 08:36:33
279,"Here is a Market Recap for today Friday, December 3, 2021. Please enjoy!",2021-12-03 17:34:23
280,ARRK Position,2021-12-07 23:13:54
281,Microvision (MVIS)- SIMON SAYS it's the PERFECT SHORT,2021-12-12 18:20:15
282,Could Square's deal to buy Afterpay face the same fate as Zoom's deal to buy Five9?,2021-12-13 08:30:28
283,$ZM a great day a great play. Lest see correction/continuation Monday. #JointheWinningTeamDTC #StocksToBuy #stockstowatch #StockMarket #stocks https://t.co/bRYTgHV4Jn,2021-12-17 20:29:44
284,$ZM a great day a great play. Lest see correction/continuation Monday. #JointheWinningTeamDTC #StocksToBuy #stockstowatch #StockMarket #stocks https://t.co/bRYTgHV4Jn,2021-12-17 20:30:38
285,"Morning Update for Monday, 12/20/21",2021-12-20 09:20:52
286,"$ZM, $PTON, $ROKU you welcome #stocks #stockmarkets #StocksToBuy #stockstowatch https://t.co/dtFSe1QTCr",2021-12-30 11:00:16
287,"$ZM, $PTON, $ROKU you welcome #stocks #stockmarkets #StocksToBuy #stockstowatch https://t.co/dtFSe1QTCr",2021-12-30 11:04:19
288,"Morning Update for Friday, 1/14/22",2022-01-14 09:21:11
289,"Stock Pattern Head-and-Shoulders Top ZM on December 30, 2021",2022-01-14 13:14:30
290,"Stock Pattern Broadening Bottom ZM on January 06, 2022",2022-01-22 15:23:42
291,Top stock option open interest changes $DT $DKNG $INTC $LVS $VST $F $CCL $NLY $GM $ZM,2022-01-24 07:38:19
292,Advice on Stock Picks Appreciated,2022-02-06 14:00:22
293,Tech/Software Stocks with Attractive FCF Yield %,2022-02-18 18:37:58
294,I have my eye on select stocks which I think will have a good run in the future $WIMI $AAL $ZM,2022-02-18 21:33:02
295,We're back to where we started in 2020,2022-02-18 22:36:47
296,You're top 3 stops as of today,2022-02-23 19:02:27
297,"Wall Street Week Ahead for the trading week beginning February 28th, 2022",2022-02-26 08:02:23
298,How do I buy deep OTM calls on RuPaul?,2022-02-28 13:07:47
299,My current plays for tomorrows- thoughts,2022-02-28 17:14:25
300,"hot ðŸ”¥ðŸ”¥ðŸ”¥ðŸ”¥ðŸ”¥ðŸ“‰ðŸ“‰ðŸ”¥ðŸ“ˆ stocks LCID, BTC.X, RSX, ETH.X, TGT, MARA, LUKOY, ZM, LUNA.X, SOFI, LHX, VRM, DPZ, SE, RUSL, TGTX, UMA.X, VFF, WDAY, LTC.X, DDD, BIDU, USO, EMN, ALBO, CME, MLCO, ET, CPE, EHTH",2022-03-01 09:10:51
301,Zoom's Pandemic Growth Stops,2022-03-01 10:11:13
302,Here's Your Daily Market Brief For March 2nd,2022-03-02 08:09:29
303,Is #ZM Stock a Buy Right Now? 3 Analysts Weigh In on #Zoom Price Predictions. - Read more on PipPost,2022-03-02 08:30:22
304,Buying tech is literally the best thing you can do atm,2022-03-02 12:41:23
305,Is #ZM Stock a Buy Right Now? 3 Analysts Weigh In on #Zoom Price Predictions. - Read more on PipPost,2022-03-02 19:05:10
306,"Stock Pattern Three Falling Peaks ZM on February 15, 2022",2022-03-02 19:35:56
307,"Stock Pattern Triangle Symmetrical Top ZM on February 15, 2022",2022-03-04 19:02:45
308,"Stock Pattern Triangle Descending ZM on February 16, 2022",2022-03-06 23:47:04
309,ZM Stock Is the Metaverse Investment Everyone's Missing,2022-03-09 01:22:12
310,"Stock Pattern Triangle Symmetrical Bottom ZM on February 11, 2022",2022-03-10 20:17:45
311,"Stock Pattern Triangle Symmetrical Top ZM on February 10, 2022",2022-03-15 12:31:23
312,Todays top stock option open interest changes $XOM $AMC $HTZ $VRM $ZM $MCHP $GOLD $JD $XRX,2022-03-24 07:41:42
313,Largest decreases in stock option open interest so far this week - $T $F $ZM $PDD $AAPL $KGC $CAN $BABA $TSLA $JD $NIO $NVDA,2022-03-25 08:04:30
314,Largest decreases in stock option open interest $T $AAPL $F $ZM $PDD $KGC $CAN $TNET $UBER $AMC $JD $FLEX,2022-03-26 08:50:14
315,ZM Double Bottom Thoughts?,2022-04-03 17:03:32
316,DKNG (DraftKings) Compared to other Growth Stocks,2022-04-11 15:13:23
317,Why Is Zoom (ZM) Stock Up Today? - Read more on PipPost,2022-04-14 10:45:11
318,Why Is Zoom (ZM) Stock Up Today? - Read more on PipPost,2022-04-14 21:30:09
319,"Are ""Retail"" Stocks Oversold due to Taxes?",2022-04-18 12:25:27
320,"Jim Cramer's, 04/14 Mad Money Stock Recommendations",2022-04-18 18:42:59
321,"Here is a Market Recap for today Friday, April 22, 2022",2022-04-22 17:11:44
322,POWcycle: The Endgame,2022-05-07 04:11:27
323,"Zoom (NASDAQ:ZM) stock fell 3.6% after Piper Sandler downgraded its stance on the video conferencing company to â€˜neutralâ€™ from â€˜overweightâ€™, saying the companyâ€™s other products have â€œlimited upsideâ€.",2022-05-12 13:59:46
324,Zoom is fucked.,2022-05-14 23:25:51
325,"Zoom - #ZM Stock Review - April 2, 2022",2022-05-19 13:26:51
326,Stocks reporting next week ordered by PE and trade above 1 billion market cap with options available,2022-05-20 15:47:18
327,"Wall Street Week Ahead for the trading week beginning May 23rd, 2022",2022-05-21 08:24:40
328,"$TSLA Tesla sold for $32.06B today. No more words but BTW, if I were you, I will pay more attention to the following growth stocks $TWTR $WIMI $PLUG $ZM",2022-05-23 03:38:33
329,ZM earnings are half of last year. Misses forecast. Stock shoots up and gains 10%,2022-05-23 17:18:10
330,Why I am bullish on ZM stock after earnings | Utradea,2022-05-23 17:41:29
331,Why I am bullish on ZM stock after earnings | Utradea,2022-05-23 19:17:32
332,"ðŸ”¥ðŸ”¥ðŸ”¥ðŸ”¥ðŸ”¥ðŸ”¥ Hot stocks -- LKNCY, SNAP, BBY, ZM, ANF, RL, DOCN, CSIQ, WOOF, AZO, SOTK, FSR, INFA, QURE, HON, INMB, SPNS, JWN, J, ALPN, BRKL, UTHR, PEGA, OPRT, CUTR, DSX, DIA, NTRA, PRU, BDN",2022-05-24 08:42:47
333,(5/24) Tuesday's Pre-Market Stock Movers & News,2022-05-24 09:13:20
334,"Hot stocks 00 SNAP, CCL, PINS, ETC.X, ROKU, ZM, BBY, SMG, CSIQ, ANF, WOOF, MQ, GOOG, LKNCY, DKS, CLBK, WSBC, AZO, URBN, RL, DSX, BANR, PHAT, JWN, DXCM, TTD, UHAL, MU, LSCC, FIL.X",2022-05-24 13:11:42
335,"GFAI, SNAP, ZM, AAPL, FB, FUV. Stock Market Crash 2022. Has The Market B...",2022-05-24 17:54:07
336,"GFAI, SNAP, ZM, AAPL, FB, FUV. Stock Market Crash 2022. Has The Market B...",2022-05-24 17:54:24
337,"GFAI, SNAP, ZM, AAPL, FB, FUV. Stock Market Crash 2022.",2022-05-24 18:14:01
338,Todays top stock option open interest changes $PBR $CCL $LAZR $SNAP $DVN $ZM $INTC $GM $PINS $RIVN,2022-05-25 08:02:35
339,(5/25) Wednesday's Pre-Market Stock Movers & News,2022-05-25 08:16:35
340,#Zoom (ZM) Stock Climbs on Q1 Earnings Beat - Read more on PipPost,2022-05-25 11:00:12
341,Zoom (ZM) Stock Climbs on Q1 Earnings Beat - Read more on PipPost,2022-05-25 21:20:09
342,(5/26) Thursday's Pre-Market Stock Movers & News,2022-05-26 08:53:07
343,Largest increases in stock option open interest this week $CCL $CHPT $NCLH $HTH $PBR $SOFI $SBUX $LAZR $AMD $AAL $ZM,2022-05-27 08:24:16
344,Spotlight on a 2x Leveraged ETF FNGG-Holdings are Worth Taking a Look At,2022-06-03 19:22:55
345,"Stock Pattern Broadening Wedge Descending ZM on May 11, 2022",2022-06-08 20:15:00
346,"Cathie Wood sees 13x surge in Zoom ($ZM) by 2026, targets $1,500 stock price, panning mandates to end remote working as â€˜trial-and-errorâ€™",2022-06-10 01:35:41
347,skyrocket,2022-06-13 14:33:30
348,Why there is a chance of Thermonuclear war and how to profit from it,2022-06-21 21:27:30
349,"While the overall markets continue to be weak, $RGC â€™s share price has performed well since April.",2022-06-22 11:36:46
350,"Here is a Market Recap for today Wednesday, July 6, 2022",2022-07-06 16:19:37
351,"5 GROWTH STOCKS down 75% - ABNB, ZM, SPOT, NFLX, PYPL - Any Value There Now?",2022-07-10 08:36:53
352,"Here is a Market Recap for today Wednesday, July 13, 2022",2022-07-13 18:38:08
353,The DD on Monkeypox and how you can profit off it. The bull case for Siga Technologies and Bavarian Nordic,2022-07-21 10:22:33
354,(8/2) Tuesday's Pre-Market Stock Movers & News,2022-08-02 08:24:14
355,$ZM vs. $OKTA: what is the best stock to add to your portfolio?,2022-08-09 12:34:36
356,Todays top stock option open interest changes $CHPT $F $NKLA $LCID $INTC $GOOGL $CCJ $ZM,2022-08-10 07:57:44
357,What stocks might make more money? Compare $ZM vs. $OKTA.,2022-08-10 11:27:44
358,$ZM vs. $OKTA: which stock is the best to buy?,2022-08-12 13:41:15
359,Which stock is the best to invest? Compare $ZM vs. $OKTA.,2022-08-14 16:12:12
360,$ZM vs. $OKTA: what is the best stock to add to your portfolio?,2022-08-16 15:54:41
361,A Story,2022-08-18 22:42:16
362,"Wall Street Week Ahead for the trading week beginning August 22nd, 2022",2022-08-19 18:30:36
363,(8/22) Monday's Pre-Market Stock Movers & News,2022-08-22 08:17:21
364,"ZOOM (ZM) has earnings tonight, puts are going to print massively.",2022-08-22 14:02:07
365,"Zoom is struggling to convince consumers to pay, and the stock is sliding",2022-08-22 21:48:45
366,(8/23) Tuesday's Pre-Market Stock Movers & News,2022-08-23 08:30:17
367,$ZM vs. $OKTA: what is the best stock to add to your portfolio?,2022-08-23 12:10:19
368,Todays top stock option open interest changes $UMC $MMM $NKLA $CHPRT $CCL $AMC $ZM $SOFI,2022-08-24 08:07:33
369,(8/24) Wednesday's Pre-Market Stock Movers & News,2022-08-24 08:35:33
370,"Stock Pattern Head-and-Shoulders Top ZM on July 06, 2022",2022-08-25 06:39:01
371,Todays top stock option open interest changes $SIRI $MMM $ET $CHPT $JD $NU $ZM $NKLA $TSM $FLEX $SQ,2022-08-25 07:58:50
372,(8/25) Thursday's Pre-Market Stock Movers & News,2022-08-25 08:18:55
373,When did you first come across WallStreetBets? What was your first influenced stock/bet?,2022-08-25 11:00:11
374,$ZM vs. $OKTA: which stock is the best to buy?,2022-08-26 11:40:12
375,$ZM vs. $OKTA: what is the best stock to add to your portfolio?,2022-08-30 14:16:34
376,What stocks might make more money? Compare $ZM vs. $OKTA.,2022-08-31 13:07:05
377,$ZM vs. $OKTA: which stock is the best to buy?,2022-09-02 11:15:21
378,"Adobe Stock Slumps On $20B Figma Purchase, Soft Q4 Sales Forecast",2022-09-15 12:02:55
379,The one-year shareholder returns and company earnings persist lower as Zoom Video Communications (NASDAQ:ZM) stock falls a further ...,2022-09-17 17:43:53
380,"Wall Street Week Ahead for the trading week beginning September 26th, 2022",2022-09-23 20:09:36
381,Todays largest stock option open interest changes $PBR $AAPL $CCL $AMZN $PYPL $AMD $AAL $GOOGL $ZM $META,2022-09-27 07:57:46
382,$ZM Bearish technical pattern building based off 14 signals on the 15-min chart. See chart at https://blog.ultraalgo.com/algorithmic-trading-stock-zm-nasdaq #tradingideas #stocks #ultraalgo #tradingview,2022-10-12 13:40:11
383,@Reuters: U.S. stocks ended a choppy session slightly lower after minutes from the last Federal Reserve meeting showed policymakers agreed they needed to maintain a more restrictive policy stance https://t.co/zZmO0pXqNj https://t.co/KI2kR77inL,2022-10-12 21:07:55
384,@Reuters: U.S. stocks ended a choppy session slightly lower after Fed minutes showed policymakers agreed they needed to maintain a more restrictive policy stance. Investors also anticipated a consumer price inflation report due on Thursday https://t.co/zZmO0qf2bT https://t.co/tCEGq9LyoA,2022-10-13 01:08:35
385,@Reuters: U.S. stocks ended slightly lower after Fed minutes showed policymakers agreed they needed to maintain a more restrictive policy stance https://t.co/zZmO0pXqNj https://t.co/tqu7D6YmkK,2022-10-13 03:07:35
386,$ZM Day Trading | Awaiting Buy Signal based off 9 signals on the 15-min chart. >> Find more Stock Trading Ideas at UltraAlgo.com,2022-10-17 12:28:19
387,"Stock Pattern Triple Bottoms ZM on October 10, 2022",2022-10-21 16:28:51
388,$ZM Algo Trading | Awaiting Short Signal based off 15 signals on the 15-min chart. >> Start your free trial for more stock chart ideas at UltraAlgo.com,2022-10-22 08:52:38
389,Trading Ideas $ZM | Sell rating based off 16 signals on the 15-min chart. #trading #stockZMðŸš€ blog.ultraalgo.com/algorithmic-trading-stock-zm-nasdaq,2022-10-23 15:45:35
390,"@Reuters: European stocks rise on hopes of Fed pause, Prosus slides on China woes https://t.co/HI12WOpajr https://t.co/sCeZmYulDc",2022-10-24 08:08:46
391,"Stock Pattern Three Rising Valleys ZM on October 10, 2022",2022-10-27 11:21:08
392,Trading Ideas ZM | $ZM Awaiting Short Signal based off 13 signals on the 15-min chart. #trading #stocks #NASDAQ ðŸš€ Learn more at UltraAlgo.com/Videos,2022-10-28 16:22:09
393,"$ZM Rating upgraded to Buy based off 13 signals, 15-min chart. #tradingZM #NASDAQ blog.ultraalgo.com/algorithmic-trading-stock-zm-nasdaq/",2022-11-08 21:28:31
394,Nasdaq $RGC CEO Figuratively Putting His Money Where His Mouth Is,2022-11-09 11:51:31
395,Learning how to calculate intrinsic value,2022-11-12 04:45:37
396,"$ZM Awaiting Buy Signal based off 12 trades $2,183 net profit 6.90 profit factor 91% win rate on a 15-min chart. #trading #stocks ðŸš€ UltraAlgo.com",2022-11-14 11:33:07
397,$PTON Awaiting Short Signal based off 30 trades on the 15-min chart. #trading #stocks ðŸš€ https://t.co/OX1Gfgcqq2 https://t.co/dD0ovDxqZM,2022-11-14 11:39:17
398,"Wall Street Week Ahead for the trading week beginning November 21st, 2022",2022-11-18 19:38:15
399,"My Full Plan for this Week 11/21 + Challenge Update (3 Earnings Plays, 1 MAJOR Economic Event , 4 Stocks)",2022-11-20 19:11:50
400,The Billionaires in this Timeline Suck!!!,2022-11-21 17:40:26
401,$ZM Awaiting Short Signal based off 12 trades on the 15-min chart. #nyse #nasdaq #stockZM #trading #markets ðŸ’¸ Learn more UltraAlgo.com,2022-11-22 07:33:19
402,(11/22) Tuesday's Pre-Market Stock Movers & News,2022-11-22 08:28:46
403,From Inflation to Recession: Part 2 - puts on industrials for generational wealth,2022-11-22 19:07:02
404,Is $ZM a fading company?,2022-11-23 05:21:57
405,(11/23) Wednesday's Pre-Market Stock Movers & News,2022-11-23 08:02:53
406,Is $ZM a fading company?,2022-11-23 08:49:02
407,"My Full Plan for this Week 11/28 + Challenge Update (4 Earnings Plays, 3 MAJOR Economic Event , 3 Stocks + 10x Lotto)",2022-11-28 07:06:51
408,$ZM Awaiting Buy Signal based off 14 trades on the 15-min chart. #trading #stocks #ZM ðŸš€ Free trial at UltraAlgo.com/platform,2022-11-28 07:42:10
409,$MLAB Trading Ideas | Awaiting Short signal. 80% Profitability based on 5 trades. Profit factor is 14.17. Learn more at https://t.co/54bj3mKa5j. #MLABSTOCK #stocks https://t.co/ZmLt7313Yc,2022-11-29 08:07:20
410,Top Stock Option open interest changes $FINV $CHPT $VALE $LUMN $AMD $VALE $PLUG $AMC $BABA $ZM,2022-11-29 08:29:13
411,$ZM Awaiting Buy Signal based off 14 trades on the 15-min chart. #trading #stocks #nyse #nasdaq Free trial at UltraAlgo.com,2022-11-30 12:50:03
412,$ZM Awaiting Buy Signal based off 14 signals on the 15-min chart. #trading #stocks #ZM ðŸš€ Trial at UltraAlgo.com,2022-12-02 08:37:04
413,$ZM vs. $OKTA: which stock is the best to buy?,2022-12-02 12:06:48
414,These stocks has more upside: GOOGL AAPL ZM WIMI SNAP,2022-12-05 04:21:47
415,Trading plan Day 2,2022-12-13 04:09:39
416,"Cathie Wood of ARK Invest bought 74,862 shares of Tesla today worth around around $11.7 million",2022-12-15 13:13:44
417,"Cathie Wood of ARK Invest bought 74,862 shares of Tesla today worth around around $11.7 million",2022-12-15 13:14:13
418,$LNSTY Trading Ideas | Awaiting Buy signal. 100% Profitability based on 8 trades. Profit factor is 100. Learn more at https://t.co/uNaBDyBhvH. #LNSTYSTOCK #stocks https://t.co/0e51PxHsZM,2022-12-18 03:32:23
419,$ZM Trading Ideas | Awaiting Buy signal. 83.33% Profitability based on 6 trades. Profit factor is 6.97. Learn more at https://t.co/uNaBDyBhvH. #ZMSTOCK #stocks https://t.co/4iMg4SPG0L,2022-12-18 19:29:32
420,$CHY Trading Ideas | Awaiting Buy signal. 68.42% Profitability based on 21 trades. Profit factor is 3.6. Learn more at https://t.co/GvIkfXJuj9. #CHYSTOCK #stocks https://t.co/KHoX4nmlZm,2022-12-19 01:34:35
421,$GABC Trading Ideas | Awaiting Short signal. 85.71% Profitability based on 8 trades. Profit factor is 4.81. Learn more at https://t.co/GvIkfXJuj9. #GABCSTOCK #stocks https://t.co/xo0vAR7iZm,2022-12-22 06:18:03
422,$ZM Trading Ideas | Awaiting Buy signal. 75% Profitability based on 4 trades. Profit factor is 7.09. Learn more at https://t.co/uNaBDyBhvH. #ZMSTOCK #stocks https://t.co/BhR1tdthNQ,2022-12-22 06:20:24
423,Todays top stock option open interest changes $WBD $T $BABA $GOOG $CCL $ZM $AAPL $TSLA $DKNG $BA,2022-12-22 07:36:18
424,$SLGC Trading Ideas | Awaiting Short signal. 100% Profitability based on 7 trades. Profit factor is 100. Learn more at https://t.co/GvIkfXJuj9. #SLGCSTOCK #stocks https://t.co/iZmBHTGms5,2022-12-23 05:16:11
425,$ENGIY Day Trading | Awaiting Buy signal. 71.43% win rate based on 7 trades. Profit factor is 8.74. #trading #investing #stocks ðŸš€ Free trial at https://t.co/Dj3UOYpEUH https://t.co/1CkZmGHD6M,2022-12-28 16:06:03
