date,news_headline
12/30/2022,tracking philippe laffont coatue management portfolio q3 2022 update
12/29/2022,zoom share climb percent effort claim late december gain
12/29/2022,insider sell zoom video communication
12/28/2022,going cathie wood ark innovation etf arkk
12/28/2022,cathie wood channel warren buffett year end investing message
12/28/2022,cathie wood say risk environment pushed investor back toward benchmark innovation solves problem
12/20/2022,growth investor finally cutting tie cathie wood ark innovation flow vanish flagship fund hit year low
12/17/2022,cathie wood ark invest buy dollar 70 centsm tesla stock tech stock amid friday market weakness
12/16/2022,expect meme stock amc gamestop bed bath beyond 2023
12/16/2022,big reason buy zoom stock 2023
12/15/2022,cathie wood bought tsla stock dip
12/15/2022,zoom video communication initiated neutral wedbush
12/15/2022,zoom video communication price target announced 80 dollar cent per share wedbush
12/15/2022,wedbush initiate coverage zoom video comms neutral rating announces price target 80
12/14/2022,zoom video comms stand analyst
12/14/2022,14 analyst say zoom video comms
12/14/2022,credit card ape get new amc card reward
12/14/2022,ringcentral rally morgan stanley upgrade barrons com
12/14/2022,zoom video communication price target cut 78 dollar cent per share 85 dollar cent morgan stanley
12/14/2022,zoom video communication maintained equal weight morgan stanley
12/14/2022,morgan stanley maintains equal weight zoom video comms lower price target 78
12/14/2022,communication software company favor opportunity say morgan stanley 2023 outlook
12/13/2022,top 15 trending stock wallstreetbets tuesday dec 13 2022 via swaggy stock
12/13/2022,ark wood see recession expects energy stock tumble
12/13/2022,zoom stock tuesday
12/12/2022,investor losing faith cathie wood ark innovation wsj
12/10/2022,investment opportunity 700 percent upside according cathie wood
12/08/2022,zoom video communication inc zm attracting investor attention know
12/07/2022,cathie wood stock watch coinbase block roku tesla zoom video
12/07/2022,green flag zoom 2022 red flag
12/01/2022,remote work startup make virtual office zoom call
12/01/2022,zoom video big problem stock may still buy today
11/30/2022,zoom named leader 2022 gartner magic quadrant ucaas worldwide
11/30/2022,zoom video communication currently 10 consecutive day pace record losing streak data talk
11/29/2022,zoom video stock fall toward nine day losing streak lowest close since january 2020 marketwatch
11/28/2022,zoom stock fall extending run daily retreat wsj
11/28/2022,zoom video track longest losing streak since may 2021 data talk
11/28/2022,disney zoom manchester united lukewarm take last week biggest market story
11/28/2022,brief japan zoom corp suing zoom video communication inc copyright breach
11/23/2022,pandemic winner turned loser worth another look
11/23/2022,zoom video communication still growing
11/23/2022,zoom video communication price target cut 90 dollar cent per share 104 dollar cent goldman sachs
11/23/2022,zoom video communication maintained neutral goldman sachs
11/23/2022,goldman sachs maintains neutral zoom video comms lower price target 90
11/23/2022,zoom video communication maintained equal weight barclays
11/23/2022,zoom video communication price target cut 80 dollar cent per share 90 dollar cent barclays
11/23/2022,barclays maintains equal weight zoom video comms lower price target 80
11/23/2022,sell zoom video communication stock
11/23/2022,cnn fear greed index greed zone dow jump around 400 point
11/23/2022,american eagle outfitter share climbed 18 percent 78 biggest mover yesterday
11/23/2022,dollar tree dycom industry chico fa big loser tuesday
11/22/2022,zoom stuck single digit purgatory
11/22/2022,zoom video guidance disappoints amid q3 beat zm stock fall
11/22/2022,zoom business may flat next year market talk
11/22/2022,dollar tree share trading lower 10 percent 53 stock moving tuesday mid day session
11/22/2022,zoom stuck single digit purgatory heard street wsj
11/22/2022,zoom video tumble stock must find support
11/22/2022,zoom video stock zoomed lower tuesday
11/22/2022,zoom analyst offer key takeaway stock plummet heel q3 earnings
11/22/2022,zoom zm q3 earnings beat expanding clientele aid top line
11/22/2022,dltr stock slump dollar tree cut outlook
11/22/2022,u stock wall street rise gain walgreens best buy
11/22/2022,zoom zm stock today
11/22/2022,trending zoom video revenue guidance disappoints zm
11/22/2022,research alert cfra maintains hold opinion share zoom video communication inc
11/22/2022,u stock wall st set open higher gain walgreens best buy
11/22/2022,zoom video 100 analyst reduce price target video conferencing company following weak guidance
11/22/2022,going zoom video stock today
11/22/2022,12 information technology stock moving tuesday pre market session
11/22/2022,zoom stock price fall earnings report disappoints investor wsj
11/22/2022,zoom video communication price target cut 80 dollar cent per share 95 dollar cent well fargo
11/22/2022,zoom video communication maintained equal weight well fargo
11/22/2022,zoom video communication price target cut 85 dollar cent per share 90 dollar cent morgan stanley
11/22/2022,zoom video agora big stock moving lower today pre market session
11/22/2022,well fargo maintains equal weight zoom video comms lower price target 80
11/22/2022,urban outfitter rally 18 percent plus analyst slash pt silvergate capital 62 percent
11/22/2022,zoom video communication price target cut 80 dollar cent per share 85 dollar cent moffettnathanson
11/22/2022,premarket mover zoom video comms best buy agilon health
11/22/2022,zoom video communication price target cut 100 dollar cent per share 120 dollar cent mizuho
11/22/2022,zoom video communication maintained buy mizuho
11/22/2022,morgan stanley maintains equal weight zoom video comms lower price target 85
11/22/2022,moffettnathanson maintains underperform zoom video comms lower price target 80
11/22/2022,mizuho maintains buy zoom video comms lower price target 100
11/22/2022,fbn security lower zoom video communication price target 105 130 maintains outperform rating
11/22/2022,zoom video communication price target cut 75 dollar cent per share 95 dollar cent deutsche bank
11/22/2022,zoom video communication maintained hold deutsche bank
11/22/2022,zoom video communication price target cut 77 dollar cent per share 84 dollar cent piper sandler
11/22/2022,zoom video communication maintained neutral piper sandler
11/22/2022,top stock cathie wood portfolio sinking today
11/22/2022,deutsche bank maintains hold zoom video comms lower price target 75
11/22/2022,obseva share trading higher 70 percent 21 stock moving premarket
11/22/2022,piper sandler maintains neutral zoom video comms lower price target 77
11/22/2022,update morgan stanley lower zoom video communication pt 85 90 enterprise growth anticipated slow retains equalweight rating
11/22/2022,well fargo adjusts price target zoom video communication 80 95 maintains equalweight rating
11/22/2022,ubs adjusts zoom video communication price target 83 92 maintains neutral rating
11/22/2022,piper sandler lower price target zoom video communication 77 84 affirms neutral rating
11/22/2022,mizuho trim price target zoom video communication 100 120 reiterates buy rating
11/22/2022,benchmark lower price target zoom video communication 102 118 maintains buy rating
11/22/2022,morningstar downgrade zoom video communication hold buy slash price target 95 115
11/22/2022,evercore isi lower price target zoom video communication 85 95 keep line rating
11/22/2022,barclays cut price target zoom video communication 80 90 maintains equalweight rating
11/22/2022,baird cut price target zoom video communication 95 100 keep outperform rating
11/22/2022,morgan stanley lower price target zoom video communication 85 90 reiterates equalweight rating
11/22/2022,goldman sachs cut price target zoom video communication 90 104 keep neutral rating
11/22/2022,deutsche bank adjusts zoom video communication price target 75 95 maintains hold rating
11/22/2022,choppy start u equity future oil rise retailer eyed asia europe mixed
11/21/2022,tesla amazon walt disney zoom agilent stock drawing investor attention today
11/21/2022,brief zoom video communication inc report third quarter result
11/21/2022,zoom video stock slide guidance miss revenue continues slow barrons com
11/21/2022,brief zoom video communication report financial result third quarter fiscal year 2023
11/21/2022,12 information technology stock moving monday market session
11/21/2022,zoom video communication 3q profit fall earnings review
11/21/2022,hour alert zoom video stock sinking
11/21/2022,zoom beat earnings hike annual profit forecast fourth quarter guidance disappoints
11/21/2022,update zoom raise annual profit forecast demand video conferencing service
11/21/2022,zoom report 209 300 enterprise customer end q3 14 percent yoy
11/21/2022,zoom raise annual profit forecast
11/21/2022,zoom video communication online avg monthly churn percent 3q
11/21/2022,zoom video see fy free cash flow high end dollar 15 cent range zm
11/21/2022,zoom video communication 209 300 enterprise customer zm
11/21/2022,zoom video communication 3q gaap operating margin percent non gaap operating margin 34 percent zm
11/21/2022,zoom video communication q3 eps dollar cent beat dollar 84 cent estimate sale dollar 10 centsb beat dollar 10 centsb estimate
11/21/2022,zoom video communication 3q adj eps dollar cent zm
11/21/2022,zoom video communication 3q eps 16c zm
11/21/2022,press release zoom video communication report
11/21/2022,press release zoom video communication report financial result third quarter fiscal year 2023
11/21/2022,zoom video communication see fy adj eps dollar 91 cent adj eps dollar 94 cent zm
11/21/2022,zoom video communication see 4q rev dollar 10 centsb dollar 11 centsb zm
11/21/2022,zoom video communication 3q net 48 dollar 40 centsm zm
11/21/2022,zm stock watch zoom report earnings today
11/21/2022,zoom fiscal third quarter earnings decline company lower full year revenue outlook
11/21/2022,zoom video communication post lower fiscal q3 earnings higher revenue issue q4 2023 outlook
11/21/2022,zoom video report 286 customer contributing 100 000 trailing 12 month v visible alpha analyst consensus 347
11/21/2022,earnings flash zm zoom video communication report q3 eps dollar cent
11/21/2022,zoom video guide q4 eps dollar 75 cent dollar 78 cent revenue dollar cent dollar 10 cent billion v ciq analyst consensus of0 dollar 82 cent per share revenue dollar 12 cent billion
11/21/2022,zoom video communication expected log 3q profit decline earnings preview
11/21/2022,zoom video sending bullish vibe ahead earnings
11/21/2022,zoom buy sell microsoft battle intensifies business market
11/21/2022,earnings reaction history zoom video communication 63 percent follow indicator 19 percent sensitive
11/21/2022,cathie wood offloads nvidia 14m stock sale rejigs bitcoin crypto linked portfolio
11/21/2022,dow jump around 200 point investor sentiment decrease slightly
11/21/2022,u stock track weaker start week disney gain iger return digital world tesla china stock focus
11/21/2022,morning bid bucking trend
11/21/2022,earnings scheduled november 21 2022
11/21/2022,disney smucker stock watch heading monday
11/20/2022,pc boom gone bust see result ahead black friday
11/19/2022,cathie wood team investment bank offer ark invest etf canada
11/18/2022,zoom video q3 earnings share find new life
11/18/2022,next stock market week hawkish fed commentary
11/18/2022,top tech stock buy recession
11/18/2022,benzinga pro top stock watch friday november 18 2022 zm sam prvb flgt stkh
11/18/2022,zoom video communication earnings preview
11/18/2022,chipmaker stock 31 percent month unconvinced cathie wood keep selling
11/17/2022,zoom video communication zm dip broader market know
11/17/2022,box launch app enhance integration zoom
11/16/2022,looking zoom video comms recent short interest
11/16/2022,zoom stock room drop analyst say business spending risk barrons com
11/16/2022,zoom video communication price target cut 72 dollar cent per share 76 dollar cent citigroup
11/16/2022,zoom video communication maintained sell citigroup
11/16/2022,citigroup maintains sell zoom video comms lower price target 72
11/16/2022,citigroup adjusts price target zoom video communication 72 76 maintains sell rating
11/15/2022,surprise coming zoom zm earnings season
11/15/2022,zoom stock buy sell hold 2023
11/14/2022,brief soros fund management take share stake zoom video union pacific raise uber spotify
11/14/2022,amc entertainment stock surge higher following black panther sequel release happening
11/14/2022,amc stock 10 percent today
11/11/2022,zoom zm reveals new partnership zoomtopia 2022
11/11/2022,amc entertainment prospect bright despite slow film release say analyst
11/11/2022,zoom video zm could beat earnings estimate
11/11/2022,zoom video communication zm crossed 20 day moving average mean investor
11/11/2022,zoom video communication zm recently broke 50 day moving average
11/11/2022,cathie wood ark innovation etf mark record surge thursday offloaded amid market rally
11/10/2022,zoom 13 percent track largest percent increase since september 2020 data talk
11/10/2022,going motorsport game msgm stock today
11/10/2022,zm stock alert know zoom latest partnership tesla amc
11/10/2022,merrimack pharmaceutical share jumped around 213 percent 114 biggest mover yesterday
11/10/2022,robinhood microstrategy big loser wednesday
11/09/2022,tesla find buyer cathie wood stock go haywire amid elon musk twitter deal share sale
11/09/2022,verint zoom expand partnership elevate customer experience across enterprise zoom contact center
11/09/2022,rumbleon share trading higher around 28 percent 84 stock moving wednesday mid day session
11/09/2022,amc avoid distraction like credit card popcorn dive deeper imax say analyst
11/09/2022,analyst rating zoom video comms
11/09/2022,verint integrate customer engagement platform zoom contact center service
11/09/2022,mark zuckerberg take blame meta lay 13 percent workforce elon musk tesla stock sale may sit well investor netflix eye sport league top story wednesday nov 09
11/09/2022,cvent zoom partner support hybrid event
11/09/2022,zoom expands email calendar software pitching closer rival microsoft
11/09/2022,zoom video communication price target cut 84 dollar cent per share 91 dollar cent piper sandler
11/09/2022,piper sandler maintains neutral zoom video comms lower price target 84
11/09/2022,morningstar adjusts price target zoom video communication 115 160 maintains buy rating
11/09/2022,piper sandler lower price target zoom video communication 84 91 maintains neutral rating
11/08/2022,amc q3 earnings highlight revenue eps beat company sell 14 million ape share q4 blockbuster slate
11/08/2022,zoom announces video conferencing app coming tesla vehicle
11/08/2022,trade amc entertainment stock q3 earnings
11/08/2022,amc entertainment earnings next meme trade desperately need boost barrons com
11/08/2022,zoomtopia 2022 anual event unveils new innovation power modern work experience
11/08/2022,zoom add email calendar tool keep business video rival
11/08/2022,zoomtopia 2022 new innovation power modern work experience
11/08/2022,zoom seek expand beyond video email calendar tool
11/08/2022,zoom add email calendar video software barrons com
11/08/2022,going amc entertainment stock
11/08/2022,palo alto network partner zoom deliver exceptional user experience zoom meeting
11/08/2022,amc stock lifted zoom room partnership zoom
11/07/2022,amc team zoom turn movie theater zoom room
11/07/2022,amc theatre zoom partner bring zoom room comfort state art sight sound technology amc movie theatre
11/07/2022,amc partner zoom offer meeting room select theatre
11/07/2022,going amc entertainment stock hour
11/07/2022,benzinga pro top stock watch monday november 2022 aapl pfe btu zm gct
11/04/2022,catalyst watch cpi downtick election ripple disney rivian earnings roblox conference call
11/04/2022,10 popular video calling software company world
11/03/2022,zoom video communication zm stock move 27 percent know
11/03/2022,update zoom say fixed issue preventing access platform
11/03/2022,zoom went many user thursday
11/03/2022,zoom thousand user downdetector com
11/03/2022,user report indicate zoom problem downdetector
11/03/2022,zoom video communication inc nasdaq zm stock shown weakness lately financials look strong prospective shareholder make leap
11/02/2022,doj preparing probe adobe 20 bln figma deal politico
11/02/2022,cathie wood invested musk twitter takeover get stake 500
11/02/2022,thing zoom stock smart investor know
11/02/2022,nasdaq growth stock 44 percent 85 percent buy hold forever
11/01/2022,zoom release financial result third quarter fiscal year 2023
10/27/2022,teladoc tdoc stock percent today
10/27/2022,bear day zoom video communication inc zm
10/21/2022,zoom rode pandemic stock back january 2020 barrons com
10/21/2022,zoom video communication zm gain lag market know
10/21/2022,cathie wood bought tsla stock post earnings dip
10/20/2022,cathie wood pick 13m tesla share investor react negatively q3 earnings
10/19/2022,zoom hold investor day zoomtopia 2022
10/18/2022,ringcentral 80 percent one former bull thrown towel barrons com
10/18/2022,ringcentral slip btig downgrade increased competition microsoft zoom
10/18/2022,covid company losing steam one barrons com
10/17/2022,zoom video communication inc nasdaq zm intrinsic value potentially 73 percent share price
10/16/2022,couchbase duck creek smartsheet viewed possible takeover target analyst
10/14/2022,ark innovation etf finally closed covid era low might stay barrons com
10/14/2022,goldman sachs adjusts price target zoom video communication 104 122 maintains neutral rating
10/13/2022,microsoft msft launch app make hybrid work easier
10/13/2022,ark innovation etf hit pandemic era low barrons com
10/13/2022,facebook parent take step forward metaverse quest pro plan gene munster
10/13/2022,jim cramer take biggest loser nasdaq 100 living house pain move
10/12/2022,answer greed michael burry take cathie wood
10/12/2022,saga wall street pandemic darling end tear
10/12/2022,analyst see meta connect show progress partnership admire mark zuckerberg vision
10/12/2022,cisco partner microsoft add team meeting device
10/11/2022,meta facebook take aim worker pc new vr headset wsj
10/11/2022,zoom video communication zm stock move 01 percent know
10/11/2022,meta facebook say new vr headset could replace worker pc wsj
10/11/2022,cathie wood say fed making mistake one barrons com
10/11/2022,zoom overhang likely remain till early 2023 analyst downgrade stock slashing price target 31 percent
10/11/2022,zoom stock loses pandemic era gain morgan stanley cut rating barrons com
10/11/2022,stock market trim loss meta nears year low putin black swan
10/11/2022,benzinga top rating upgrade downgrade october 11 2022
10/11/2022,alphabet 134 plus analyst slash price target mcdonald
10/11/2022,apple 155 plus morgan stanley cut price target zoom video
10/11/2022,merck rally 29 percent price target change tuesday
10/11/2022,zoom video communication price target cut 90 dollar cent per share 130 dollar cent morgan stanley
10/11/2022,zoom video communication cut equal weight overweight morgan stanley
10/11/2022,morgan stanley downgrade zoom video comms equal weight lower price target 90
10/11/2022,zoom video communication downgraded morgan stanley equalweight overweight price target cut 90 130
10/10/2022,cheap stock buy watch growth stock
10/10/2022,five9 decline lead loss across cloud call center stock
10/07/2022,zoom face new risk enterprise contract renewal morgan say
10/06/2022,ark invest stock watch stock cathie wood ark etf tesla fall
10/06/2022,like jim cramer stock call etf bet mad money host barrons com
10/05/2022,zoom video communication zm stock move 03 percent know
10/05/2022,zoom stock year
10/04/2022,cathie wood say zoom video communication microsoft corporation lead software name
10/03/2022,ark invest stock watch stock cathie wood ark etf tesla dive
10/01/2022,got 000 bear market stock buy hold forever
09/28/2022,zoom video communication zm launch wide range update
09/28/2022,jim chanos live cnbc say still short zoom video communication much
09/27/2022,cathie wood confidence tesla higher say elon musk led automaker sits driver seat ev boom
09/24/2022,zoom datadog among company broad new credit suisse software view
09/23/2022,painful watch zoom video decline
09/23/2022,benzinga top rating upgrade downgrade september 23 2022
09/23/2022,zoom video communication price target announced 83 dollar cent per share credit suisse
09/23/2022,zoom video communication initiated neutral credit suisse
09/23/2022,credit suisse initiate coverage zoom video comms neutral rating announces price target 83
09/23/2022,credit suisse initiate coverage zoom video communication neutral rating 83 price target
09/22/2022,benzinga top rating upgrade downgrade september 22 2022
09/22/2022,zoom video communication price target announced 86 dollar cent per share moffettnathanson
09/22/2022,zoom video communication initiated sell moffettnathanson
09/22/2022,moffettnathanson initiate coverage zoom video comms sell rating announces price target 86
09/22/2022,antitrust pain amazon microsoft google uk regulator promise action
09/22/2022,moffettnathanson initiate coverage zoom video communication sell rating 86 price target
09/20/2022,zoom video communication inc zm trending stock fact know betting
09/19/2022,peering zoom video comms recent short interest
09/17/2022,got 000 beaten growth stock buy right
09/16/2022,time investor revisit pandemic winner
09/16/2022,top mid cap manager finding tech gem amid downturn barrons com
09/15/2022,zoom say fixed service widespread outage
09/15/2022,update zoom say issue joining meeting platform resolved
09/15/2022,zoom say investigating issue thousand user report problem
09/15/2022,zoom say resolved issue causing user unable start join zoom meeting
09/15/2022,zoom say aware issue currently impacting zoom engineering team investigating matter
09/14/2022,stock cathie wood bought dip
09/14/2022,cathie wood shrugged hot cpi print bought dip across 18 different stock
09/13/2022,amid wall street bloodbath cathie wood pick 16m roku video communication stock
09/13/2022,benzinga top rating upgrade downgrade september 13 2022
09/13/2022,zoom video communication initiated sector weight keybanc
09/13/2022,keybanc initiate coverage zoom video comms sector weight rating
09/13/2022,keybanc resume zoom video communication sector weight
09/12/2022,zoom renames chat product add feature push compete team slack
09/10/2022,cathie wood 18 percent money growth stock
09/08/2022,reason take another look buying zoom stock
09/08/2022,growth stock set soar 828 percent 52 week low according cathie wood
09/07/2022,zoom video communication inc citi 2022 global technology conference transcript zm
09/07/2022,investor heavily search zoom video communication inc zm need know
09/06/2022,splunk appoints jason lee chief information security officer
09/06/2022,zoom video plunged 22 percent august
09/03/2022,fed chief speaks wall street reacts
09/03/2022,zoom growth day really
09/01/2022,cathie wood watched 803m exit arkk august marking largest monthly outflow ytd
08/31/2022,zoom video communication inc zm management present deutsche bank 2022 technology conference transcript zm
08/31/2022,founder led growth stock serious long term potential
08/31/2022,motley fool co founder david gardner investing tough market
08/31/2022,shopify zoom video pre pandemic price make buy
08/31/2022,zoom business glaring issue
08/30/2022,invested 000 ark innovation etf covid 19 pandemic low much
08/29/2022,cathie wood ark invest still bullish zoom earnings report
08/28/2022,never thought say zoom starting look like bargain
08/26/2022,zoom video fallen earth say analyst get downgrade barrons com
08/26/2022,zoom video fallen earth say analyst get downgrade
08/26/2022,zoom head south argus say pandemic star fallen earth
08/26/2022,benzinga top rating upgrade downgrade august 26 2022
08/26/2022,know beyond zoom video communication inc zm trending stock
08/26/2022,zoom video communication stock might 222 million reason
08/26/2022,zoom video communication cut hold buy argus research
08/26/2022,zoom stock fell hard week
08/26/2022,argus research downgrade zoom video comms hold
08/26/2022,argus downgrade zoom video communication hold buy
08/25/2022,11 best depressed stock invest
08/25/2022,zoom crash time buy dip etf
08/25/2022,time sell zoom stock move
08/25/2022,zoom growth rate fall 10 percent time sell stock
08/25/2022,cathie wood bought zoom stock dip
08/24/2022,best website research stock
08/24/2022,zoom stock zoomed past market today
08/24/2022,cathie wood losing faith nvidia nvda stock
08/24/2022,top 15 trending stock wallstreetbets wednesday august 24 2022 via swaggy stock
08/24/2022,cathie wood ark buy dip zoom share crater wsj
08/24/2022,investor optimism decrease dow tumble 150 point
08/24/2022,zoom video communication stock buy
08/24/2022,morning bid hesitation fed tone
08/24/2022,xpeng share traded lower around 11 percent 77 biggest mover yesterday
08/24/2022,cathie wood ark buy zoom stock plunge sell nvidia ahead earnings barrons com
08/24/2022,volatility market increase u private sector business activity contract
08/24/2022,confounding trade cathie wood dump 50m nvidia share week major buy day ahead earnings
08/24/2022,cathie wood buy zoom dip pre pandemic level result
08/23/2022,zoom disappointing quarter face transition year analyst cutting price target
08/23/2022,u stock wall street end investor eye slowing economy
08/23/2022,zoom stock tank today weak q2 guidance hit software maker
08/23/2022,zoom video stock fall hard wall street saying barrons com
08/23/2022,u stock 500 end investor eye slowing economy
08/23/2022,correction zoom market talk
08/23/2022,u stock wall street dip investor eye slowing economy
08/23/2022,trending zoom video cut fy23 view
08/23/2022,11 information technology stock moving tuesday intraday session
08/23/2022,jim chanos earlier say short zoom
08/23/2022,top 15 trending stock wallstreetbets tuesday august 23 2022 via swaggy stock
08/23/2022,brief short seller chanos say short zoom amc common share long amc preferred share cnbc
08/23/2022,zoom phone service standout tough 2q market talk
08/23/2022,twitter zoom video big stock moving lower tuesday
08/23/2022,u stock nasdaq tick hope le aggressive rate hike weak pmi data
08/23/2022,zoom video communication nearly 15 percent track lowest close since january 2020 data talk
08/23/2022,windtree therapeutic trading higher 60 percent 61 stock moving tuesday mid day session
08/23/2022,zoom video communication share drop 15 percent analyst respond lowered fy outlook
08/23/2022,mizuho maintains buy rating zoom video comms need know
08/23/2022,mkm partner maintains buy rating zoom video comms need know
08/23/2022,zoom video stock plummeting citi say lowered guidance might still optimistic barrons com
08/23/2022,zoom video communication stock got crushed tuesday morning
08/23/2022,zoom stock fall percent earnings sale guidance cut
08/23/2022,u stock 500 nasdaq rise growth stock bounce
08/23/2022,aerie pharmaceutical aeri stock 35 percent today
08/23/2022,earnings analysis indicates zoom nasdaq zm investor may waiting time recovery
08/23/2022,benzinga top rating upgrade downgrade august 23 2022
08/23/2022,pfizer biontech say data show covid vaccine 70 percent efficacy small child case rising state
08/23/2022,zoom zm stock plunge 10 percent q2 revenue disappoints
08/23/2022,zoom earnings cathie wood bet still track
08/23/2022,16 analyst say zoom video comms
08/23/2022,zoom video communication maintained buy mkm partner
08/23/2022,zoom video communication price target cut 125 dollar cent per share 135 dollar cent mkm partner
08/23/2022,mkm partner maintains buy zoom video comms lower price target 125
08/23/2022,benzinga pro top stock watch tuesday aug 23 2022 crm rrc bam blnk mob
08/23/2022,u stock wall st set subdued open ahead business activity data
08/23/2022,zoom stock sink one worst quarter since ipo
08/23/2022,zoom video communication price target cut 90 dollar cent per share 120 dollar cent stifel
08/23/2022,zoom video communication maintained hold stifel
08/23/2022,zoom video communication price target cut 95 dollar cent per share 105 dollar cent deutsche bank
08/23/2022,stifel maintains hold zoom video comms lower price target 90
08/23/2022,deutsche bank maintains hold zoom video comms lower price target 95
08/23/2022,hot stock jd jump earnings mrin rise snap integration zm sink 10 percent
08/23/2022,zoom video communication maintained outperform baird
08/23/2022,zoom video communication price target cut 125 dollar cent per share 140 dollar cent baird
08/23/2022,booking holding 300 price target change tuesday
08/23/2022,zoom video communication maintained overweight morgan stanley
08/23/2022,zoom video communication price target cut 130 dollar cent per share 140 dollar cent morgan stanley
08/23/2022,zoom video stock falling today
08/23/2022,zoom plunge 11 percent analyst fret slowing growth btig downgrade
08/23/2022,baird maintains outperform zoom video comms lower price target 125
08/23/2022,morgan stanley maintains overweight zoom video comms lower price target 130
08/23/2022,zoom video face price target cut downbeat sale share tumble
08/23/2022,zoom video palo alto network macy stock market mover tuesday
08/23/2022,zoom video communication price target cut 118 dollar cent per share 128 dollar cent benchmark
08/23/2022,zoom video communication maintained buy benchmark
08/23/2022,benchmark maintains buy zoom video comms lower price target 118
08/23/2022,zoom video communication price target cut 120 dollar cent per share 190 dollar cent mizuho
08/23/2022,zoom video trading lower 11 percent 28 stock moving premarket
08/23/2022,mizuho maintains buy zoom video comms lower price target 120
08/23/2022,zoom video communication price target cut 95 dollar cent per share 105 dollar cent well fargo
08/23/2022,zoom video communication price target cut 122 dollar cent per share 142 dollar cent goldman sachs
08/23/2022,premarket mover axon enterprise zoom video comms palo alto network
08/23/2022,zoom video communication maintained outperform rbc capital
08/23/2022,zoom video communication price target cut 130 dollar cent per share 150 dollar cent rbc capital
08/23/2022,well fargo maintains equal weight zoom video comms lower price target 95
08/23/2022,goldman sachs maintains neutral zoom video comms lower price target 122
08/23/2022,rbc capital maintains outperform zoom video comms lower price target 130
08/23/2022,u stock future edge ahead business activity data
08/23/2022,zoom escape shadow
08/23/2022,zoom escape shadow heard street wsj
08/23/2022,zoom video communication price target cut 91 dollar cent per share 115 dollar cent piper sandler
08/23/2022,piper sandler maintains neutral zoom video comms lower price target 91
08/23/2022,zoom video communication price target cut 76 dollar cent per share 91 dollar cent citigroup
08/23/2022,zoom video communication cut neutral buy btig
08/23/2022,citigroup maintains sell zoom video comms lower price target 76
08/23/2022,btig downgrade zoom video comms neutral
08/23/2022,manufacturing index likely ease level august major macro issue tuesday
08/23/2022,zoom stock tumble q2 sale growth profit outlook disappoint amid changing post pandemic habit
08/23/2022,stock future edge higher following monday sell crude oil rise
08/23/2022,macy intuit stock watch heading tuesday
08/23/2022,zoom video communication zm q2 2023 earnings call transcript
08/22/2022,zoom video communication inc ceo eric yuan q2 2023 result earnings call transcript zm
08/22/2022,zoom cut sale forecast slower enterprise growth
08/22/2022,zoom enterprise bet delayed company cut sale forecast
08/22/2022,zoom video communication share slide hour cut fy outlook
08/22/2022,zoom video fall guidance miss amid post pandemic woe
08/22/2022,zoom stock slide big pressure remain barrons com
08/22/2022,zoom video communication chief financial officer say enterprise business wil grow low mid twenty fy23
08/22/2022,zoom video stock slide soft revenue reduced full year guidance barrons com
08/22/2022,zoom video communication chief financial officer say online business decline percent percent fy23
08/22/2022,top 15 trending stock wallstreetbets monday august 22 2022 via swaggy stock
08/22/2022,brief zoom video communication report financial result second quarter fiscal year 2023
08/22/2022,zoom fall hour outlook suggests growth getting challenging
08/22/2022,zoom video communication lower fy outlook
08/22/2022,zoom video investor pull back q2 earnings eps beat revenue miss guidance update
08/22/2022,nvda stock key thing watch nvidia report earnings
08/22/2022,zoom video communication 2q revenue hit strong dollar
08/22/2022,zoom video cut earnings revenue outlook year stock fall
08/22/2022,update zoom temper annual profit revenue outlook demand falter
08/22/2022,update zoom cut annual forecast revenue growth hit record low
08/22/2022,zoom cut annual profit outlook
08/22/2022,zoom video communication non gaap eps dollar cent beat dollar 12 cent revenue dollar 10 centsb miss 20m
08/22/2022,zoom video communication 204 100 enterprise customer 2q end zm
08/22/2022,zoom video communication 2q gaap oper margin 11 percent non gaap oper margin 35 percent zm
08/22/2022,zoom video see q3 2023 revenue dollar centsb dollar 10 centsb v dollar 15 centsb est see fy23 revenue dollar 38 centsb dollar 39 centsb v dollar 54 centsb
08/22/2022,zoom video communication q2 eps dollar cent beat dollar 93 cent estimate sale dollar 10 centsb miss dollar 12 centsb estimate
08/22/2022,zoom video communication see 3q adj eps 82c adj eps 83c zm
08/22/2022,zoom video communication see fy adj eps dollar 66 cent adj eps dollar 69 cent zm
08/22/2022,press release zoom video communication report financial result second quarter fiscal year 2023
08/22/2022,zoom video communication 2q net 45 dollar 70 centsm zm
08/22/2022,zoom video communication see 3q rev dollar 10 centsb dollar 10 centsb zm
08/22/2022,zoom video communication 2q rev dollar 10 centsb zm
08/22/2022,zoom video communication see fy rev dollar 39 centsb dollar 39 centsb zm
08/22/2022,zoom video communication 2q adj eps dollar cent zm
08/22/2022,zoom video communication 2q eps 15c zm
08/22/2022,zoom video stock trading lower going
08/22/2022,monday market update jackson hole thursday powell friday 10
08/22/2022,zoom left covid dust revenue growth hit skid tech watch
08/22/2022,retail earnings deck q2 reporting season enters final leg
08/22/2022,u future begin monday deep red analyst see profit taking bringing buying opportunity trader eye fed jackson hole event
08/22/2022,earnings scheduled august 22 2022
08/22/2022,nasdaq future tumble 200 point following friday plunge crude oil drop
08/22/2022,zoom video palo alto network stock watch heading monday
08/22/2022,investor optimism decrease stock record weekly loss
08/22/2022,bitcoin hovers major level top crypto mover monday
08/21/2022,notable earnings monday close
08/21/2022,nvidia salesforce zoom macy stock investor watch week barrons com
08/21/2022,largest pension bought ev stock rivian li auto sold zoom sirius barrons com
08/21/2022,macro weigh zoom result focus 2h outlook
08/19/2022,update russia enforce search engine disclaimer five foreign firm
08/18/2022,zoom q3 preview share find new life
08/18/2022,zoom video communication zm outpaces stock market gain know
08/18/2022,zoom face threat microsoft team great risk
08/18/2022,benzinga pro top stock watch thursday aug 18 2022 nvda zm bfam cmps bbig
08/18/2022,healthcare stock dipped 30 percent 83 biggest mover yesterday
08/17/2022,banking pajama top brass like jamie dimon say
08/16/2022,analyst explains favor salesforce smartsheet versus workday zoom docusign asana
08/16/2022,put trader target zoom stock citigroup say sell
08/16/2022,zoom video communication stock hit skid tuesday morning
08/16/2022,zoom stock 80 percent peak citi see new hurdle ahead
08/16/2022,paramount global para stock gain walmart streaming deal
08/16/2022,zoom share decline citigroup downgrade
08/16/2022,sell zoom say citi competition microsoft mean downside ahead barrons com
08/16/2022,zoom slip citi downgrade citing new hurdle sustaining growth
08/16/2022,zoom video communication price target announced 91 dollar cent per share citigroup
08/16/2022,zoom stock slashed citi amid new hurdle sustaining growth
08/16/2022,citigroup downgrade zoom video communication sell neutral price target 91
08/15/2022,update tiger global slash portfolio amid loss
08/15/2022,tiger global cut stake portfolio
08/15/2022,value stock tiger global management held halved second quarter
08/15/2022,value stock tiger global management held halved second quarter marketwatch
08/15/2022,tiger global exit stake zoom salesforce docusign enters alphabet zillow
08/11/2022,revisiting pandemic winner time buy
08/10/2022,trending stock zoom video communication inc zm buy
08/08/2022,growth stock jumped today
08/06/2022,silliness back michael burry latest comment 10 rebounding tech stock watch
08/06/2022,top stock 32 percent 87 percent buy right
08/06/2022,recession long time bull cathie wood warning investor big problem today economy stock like right
08/04/2022,zoom ringcentral buy one analyst say video communication room growth barrons com
08/04/2022,expert rating zoom video comms
08/04/2022,benzinga top rating upgrade downgrade august 2022
08/04/2022,zoom get new buy rating mkm key catalyst ahead
08/04/2022,82 percent 94 percent fastest growing stock planet
08/04/2022,zoom video communication initiated buy mkm partner
08/04/2022,zoom video communication price target announced 135 dollar cent per share mkm partner
08/04/2022,mkm partner start zoom video communication buy 135 price target
08/02/2022,top 10 stock pick alexander captain cat rock capital
08/01/2022,zoom release financial result second quarter fiscal year 2023
07/29/2022,zoom user suffered service outage thursday company resolve issue
07/28/2022,monster growth stock begging bought
07/27/2022,nasdaq 100 stock buy hand fist
07/27/2022,stock buy market turn around
07/27/2022,000 stock could bargain buy 2022 beyond
07/25/2022,zoom video communication zm stock sink market gain know
07/25/2022,cathie wood letting go 10 stock despite loss
07/25/2022,13 bay area company seen top private equity buyout target
07/25/2022,cathie wood 10 favorite stock pick rest 2022
07/25/2022,zoom buy sell microsoft team battle intensifies business market
07/25/2022,cathie wood stock buy hold year
07/24/2022,twilio stock buy
07/24/2022,market got consider investing stock
07/23/2022,ready rebound top growth stock 82 percent buy
07/22/2022,oppenheimer say peloton pton stock could double 20
07/21/2022,much zoom video communication inc nasdaq zm insider
07/21/2022,update google complies indonesia licensing rule others risk blocking ministry
07/20/2022,stock price zoom okta atlassian popped
07/20/2022,top growth stock buy
07/20/2022,tech sector bear market growth stock 50 percent regret buying dip
07/20/2022,zoom video communication price target announced 122 dollar cent per share bernstein
07/20/2022,zoom video communication initiated market perform bernstein
07/20/2022,bernstein start zoom video communication market perform 122 price target
07/18/2022,zoom stock buy sell post pandemic economy
07/17/2022,better bear market buy zoom v docusign
07/15/2022,stock poised bounce back nasdaq tech sell
07/14/2022,monster metaverse stock buy long haul
07/13/2022,people age 50 64 accounted streaming time may age 35 49 nielsen data say wsj
07/13/2022,people 50 accounted 39 percent streaming watch time may outpacing growth demographic group nielsen data say wsj
07/13/2022,american age 50 powering streaming growth
07/13/2022,13 analyst rating say zoom video comms
07/13/2022,zoom video communication price target raised 115 dollar cent per share 96 dollar cent piper sandler
07/13/2022,piper sandler adjusts zoom video communication price target 115 96 keep neutral rating
07/12/2022,ark wood say fed making mistake see stock bottoming
07/12/2022,cathie wood see 7x explosion roku 2026 targeting 605 price point
07/12/2022,update russia fine apple zoom alleged data storage violation
07/12/2022,15 innovative company disrupting industry
07/11/2022,nice nice launch upgraded cxone bolster portfolio
07/11/2022,company might acquire docusign
07/11/2022,zoom video stock fell 41 percent first half 2022
07/09/2022,summer vacation back wall street silicon valley could last recession
07/08/2022,nasdaq 100 stock double july
07/07/2022,meta platform value stock
07/07/2022,cathie wood investment could deliver superior return
07/07/2022,growth stock 79 percent buy
07/06/2022,ringcentral stock get downgrade blame microsoft barrons com
07/06/2022,employer must embrace hybrid work attract top talent
07/05/2022,tech giant fuel nasdaq 100 surge even dow 500 fall
07/05/2022,tech giant fuel nasdaq 100 surge even dow 500 fall marketwatch
07/05/2022,u stock end mixed wti crude sink amid recession fear
07/05/2022,chip look cheap demand woe keep bull away
07/05/2022,10 best stock buy according billionaire paul tudor jones
07/05/2022,419 buy overlooked tech stock 10x gain
07/01/2022,analysis investor bet top growth stock thrive recession
06/30/2022,recession long time bull cathie wood warns investor big problem economy like today
06/30/2022,inflation angst cause dramatic shift spending saving habit
06/30/2022,graphic brutal first half 22 track shave trillion 500
06/30/2022,zoom video communication bull v bear
06/30/2022,cathie wood latest thought inflation 10 worst performing stock pick
06/30/2022,zoom bet corporate customer stem post pandemic crash
06/29/2022,10 cathie wood stock rebound 2023
06/29/2022,company value soared pandemic faring 2022 turbulent market
06/28/2022,gold standard growth stock buy hold forever
06/28/2022,keep trust zoom video communication zm
06/27/2022,customer spend le company balance sheet become important
06/27/2022,highly profitable cathie wood stock poised bounce back long run
06/25/2022,time put zoom video communication nasdaq zm watchlist
06/25/2022,looking stock market bargain tech stock trading cheapest valuation ever
06/25/2022,rgc ceo figuratively putting money mouth
06/24/2022,splunk splk percent since last earnings report
06/24/2022,zoom stock others recession resistant earnings
06/24/2022,fed give bank clean bill health stock market barrons com
06/24/2022,zoom video stock recession resistant earnings barrons com
06/23/2022,zoom zm unveils new packaging translation feature
06/23/2022,growth stock 540 percent upside according cathie wood
06/23/2022,pandemic darling zoom may starting shine
06/23/2022,facebook netflix paypal value stock wsj
06/22/2022,zoom stock winner wednesday
06/22/2022,zoom zm launch zoom apps sdk expands portfolio
06/22/2022,zoom video zm 20 percent since last earnings report
06/22/2022,stock warren buffett cathie wood could love
06/22/2022,check whale zoom video comms
06/22/2022,brief zoom unveils platform evolution launch new packaging translation feature
06/22/2022,zoom unveils platform evolution launch new packaging translation feature
06/22/2022,zoom video communication launch new combined packaging translation offering
06/22/2022,market sell growth stock 70 percent buy
06/21/2022,hot stock 11 ticker moved trader fast money halftime report
06/21/2022,brief zoom video communication announced general availability zoom apps sdk
06/21/2022,dear shop stock fan mark calendar june 22
06/21/2022,zoom say resolved widespread service outage
06/21/2022,zoom expands developer platform launch zoom apps sdk
06/21/2022,zoom expands developer platform launch zoom apps sdk
06/21/2022,zoom video conferencing service go around world mail online
06/21/2022,zoom video communication launch zoom apps sdk developer
06/21/2022,zoom video zm landed fpa queen top detractor list
06/21/2022,stock buying tech stock correction
06/20/2022,alphabet googl update google meet innovative feature
06/19/2022,cathie wood ark invest say coming worker backlash could see zoom skyrocket 263 percent 2026
06/18/2022,zoom stock buy upgrading profit outlook
06/17/2022,tech get hammered stock look attractive even recession barrons com
06/17/2022,cathie wood almost certainly wrong zoom stock
06/16/2022,investing zoom stock zm
06/16/2022,best stock buy bear market
06/15/2022,remote worker ready strike back cathie wood ark invest say zoom could skyrocket 227 percent 2026
06/15/2022,market collapse brutal tech
06/15/2022,cathie wood bought tsla stock know
06/15/2022,arkk etf 60 percent cathie wood keep buying 2022 loser like coin stock
06/15/2022,cathie wood overly concerned inflation rate hammering ark
06/14/2022,ark cathie wood keep focus deflation fund slump continues
06/14/2022,better buy twilio v zoom video communication
06/13/2022,cathie wood zoom price target amazing
06/13/2022,roku tesla cathie wood favorite falling barrons com
06/13/2022,got 000 top growth stock buy could double money
06/10/2022,19 big tech stock dropped least 60 percent 52 week high
06/10/2022,angry sea cpi watch ecb chime dash cash zooming zoom
06/10/2022,meta retracts ar glass project shortly dumping smartwatch project
06/09/2022,looking zoom video comms recent whale trade
06/09/2022,zm stock price prediction cathie wood see zoom video zooming 500
06/09/2022,zoom video communication inc nasdaq zm 25 percent share price gain telling
06/09/2022,nice rebound expanding portfolio partner base
06/09/2022,cathie wood ark invest expects covid stock play appreciate 200 percent 2026
06/09/2022,brainer stock buy hold next decade
06/09/2022,zoom video communication inc zm management present bank america 2022 global technology conference transcript zm
06/08/2022,shopify news alert well fargo analyst worried shop stock
06/08/2022,cathie wood back tesla bandwagon buying dip barrons com
06/08/2022,aol aim paved way apple imessage twitter facebook
06/07/2022,headline grabbing announcement apple wwdc keynote substance analyst
06/07/2022,growth stock buy hold forever
06/06/2022,zoom video communication tap google cloud executive greg tomb new president
06/06/2022,brief zoom video communication inc greg tomb join company president effective june 2022
06/06/2022,brief zoom hire greg tomb president
06/06/2022,zoom video communication tomb come google cloud zm
06/06/2022,zoom video communication hire greg tomb president zm
06/06/2022,zoom build integration genesys cloud cx
06/06/2022,brief zoom genesys announce strategic agreement positioned around zoom phone
06/06/2022,zoom genesys announce strategic agreement uniquely positioned around zoom phone improve collaboration customer experience
06/06/2022,musk stir hornet nest epstein case apple wwdc expectation kim jong un go ballistic key story may missed weekend
06/06/2022,zoom video genesys expand partnership integrate zoom phone genesys cloud cx
06/04/2022,10 weirdest fact queen elizabeth ii tie duke ellington beatles peppa pig lbj
06/03/2022,earnings week ahead docusign nio stitchfix
06/03/2022,best buy stock insider selling
06/02/2022,zoom profit fell 50 percent q1
06/02/2022,press release zoom hire matthew saxon chief people officer
06/02/2022,beaten cathie wood stock look like bargain
06/02/2022,twilio slip barclays downgrade citing digital economy concern
06/01/2022,nowhere else go jim cramer call bottom amazon meta platform faang stock
06/01/2022,whale zoom video comms
06/01/2022,salesforce analyst react q1 earnings beat next quality software garp stock
06/01/2022,shrug emoji announcement bad news sit well investor
06/01/2022,stock rally enough save ark record month losing streak
06/01/2022,reason buy zoom video communication reason sell
06/01/2022,benzinga pro top stock watch wednesday june 2022 tsla gme vtvt eton kymr
06/01/2022,zoom stock buy
05/31/2022,zoom core business stabilizing analyst say good thing stock barrons com
05/31/2022,let zoom zoom video chart week earnings
05/31/2022,zoom rise daiwa upgrade firm cite recent pullback good entry point
05/31/2022,daiwa security upgrade zoom video communication outperform underperform adjusts price target 121 107
05/31/2022,jpmorgan suspends rating zoom video communication
05/30/2022,zoom stock might buy
05/30/2022,12 best ark stock buy
05/30/2022,10 undervalued stock buy today according paul tudor jones
05/30/2022,jim simon portfolio 2022 top 10 stock pick
05/30/2022,zoom video move beyond work home
05/28/2022,much tesla stock cathie wood ark invest buy week
05/27/2022,snap vmware macy stock defined week wsj
05/27/2022,zoom stock soared week
05/26/2022,slack ceo see different use office nowadays
05/26/2022,zoom post covid growth strategy coming focus
05/26/2022,exxon mobil stock worth le zoom seems ridiculous
05/26/2022,massively zoom stock poised long term winner
05/26/2022,timeless bear market rule explains dip buyer get break morning brief
05/26/2022,growth stock 46 percent year buy
05/26/2022,exxon mobil riding high valued le zoom 2020
05/25/2022,zoom stock zooming wednesday
05/25/2022,cathie wood ark innovation snapped tesla buying dip
05/25/2022,sequoia capital warning founder conserve cash slash spending
05/25/2022,zoom video communication inc nasdaq zm fundamental look pretty strong could market wrong stock
05/25/2022,zoom zm stock became cathie wood top bet
05/25/2022,cathie wood bought roku stock dip
05/25/2022,cathie wood watch ark bulk tesla zoom video
05/25/2022,10 new stock pick billionaire paul tudor jones
05/25/2022,company news may 25 2022
05/25/2022,guggenheim lower price target zoom video communication 130 160 maintains buy rating
05/25/2022,reason buy zoom video stock right
05/25/2022,nasdaq 100 stock billionaire piled first quarter
05/24/2022,zoom stock rallied today
05/24/2022,zoom beat estimate could rough year analyst say
05/24/2022,zoom video stock go today guidance boost assuages fear
05/24/2022,zoom stock fly higher despite tech rout earnings show pandemic darling
05/24/2022,zoom still need little people wsj
05/24/2022,microsoft unveils live sharing dev box build conference
05/24/2022,deutsche bank maintains hold rating zoom video comms need know
05/24/2022,benchmark maintains buy rating zoom video comms need know
05/24/2022,zoom noncore product small revenue generator short term market talk
05/24/2022,zoom truly climate change company market talk
05/24/2022,zoom zm stock climb q1 earnings beat
05/24/2022,zoom video communication price target cut 142 dollar cent per share 163 dollar cent goldman sachs
05/24/2022,zoom zm q1 earnings top estimate revenue jump
05/24/2022,top midday gainer
05/24/2022,zoom meta pulled nasdaq different direction tuesday
05/24/2022,zoom video communication price target cut 120 dollar cent per share 150 dollar cent stifel
05/24/2022,zoom share rising today
05/24/2022,zoom pandemic era lockdown aberration market talk
05/24/2022,zoom video communication price target raised 128 dollar cent per share 124 dollar cent benchmark
05/24/2022,zoom fiscal q1 result driven elevated net expansion growing enterprise customer morgan stanley say
05/24/2022,zoom video communication price target cut 99 dollar cent per share 118 dollar cent citigroup
05/24/2022,zoom video communication maintained neutral citigroup
05/24/2022,zoom video communication price target cut 105 dollar cent per share 155 dollar cent deutsche bank
05/24/2022,premarket mover snap pinterest insulet
05/24/2022,cathie wood grab share zoom firm beat q1 estimate
05/24/2022,snap tell u consumer retailer line earnings barrons com
05/24/2022,zoom video communication price target cut 150 dollar cent per share 200 dollar cent rbc capital
05/24/2022,25 stock moving tuesday pre market session
05/24/2022,zoom video communication price target rbc cut 150 200 peer multiple compression outperform rating kept
05/24/2022,stifel adjusts price target zoom video communication 120 150 reiterates hold rating
05/24/2022,deutsche bank adjusts price target zoom video communication 105 155 maintains hold rating
05/24/2022,benchmark adjusts price target zoom video communication 128 124 reiterates buy rating
05/24/2022,citigroup adjusts price target zoom video communication 99 118 maintains neutral rating
05/23/2022,zoom video communication inc ceo eric yuan q1 2023 result earnings call transcript zm
05/23/2022,zoom report progress customer growth diversification
05/23/2022,zm share zoom higher earnings
05/23/2022,zoom stock walk back initial surge following earnings beat improved profit forecast
05/23/2022,dow 600 point start new trading week
05/23/2022,zoom target key price level strong earnings
05/23/2022,zoom sale growth slows pandemic boom wane wsj
05/23/2022,zoom video communication zm beat q1 earnings revenue estimate
05/23/2022,zoom earnings happened zm
05/23/2022,docusign share moving higher hour
05/23/2022,zoom video stock jump quarterly earnings show post covid business stabilizing
05/23/2022,zoom share rally profit top guidance barrons com
05/23/2022,zoom jump sale forecast signaling success new product
05/23/2022,zoom video share surging hour
05/23/2022,brief zoom video communication report financial result first quarter fiscal year 2023
05/23/2022,zoom video communication 1q earnings halved earnings review
05/23/2022,zoom bet hybrid work raise full year profit forecast
05/23/2022,zoom raise full year profit view strong enterprise demand
05/23/2022,zoom pop q1 result beat estimate raise full year guidance
05/23/2022,zoom report slowest quarterly revenue growth since going public
05/23/2022,zoom video communication non gaap eps dollar cent beat dollar 16 cent revenue dollar centsb line
05/23/2022,zoom video communication 198 900 enterprise customer 1q end zm
05/23/2022,zoom video communication 1q net cash provided operating activity 526 dollar 20 cent zm
05/23/2022,zoom video communication q1 eps dollar cent beat dollar 87 cent estimate sale dollar centsb beat dollar centsb estimate
05/23/2022,zoom video communication see 2q adj eps 90c adj eps 92c zm
05/23/2022,zoom video communication 1q rev dollar centsb zm
05/23/2022,zoom video communication 1q eps 37c zm
05/23/2022,press release zoom video communication report financial result first quarter fiscal year 2023
05/23/2022,zoom video communication see fy rev dollar 53 centsb dollar 55 centsb zm
05/23/2022,zoom video communication see fy adj eps dollar 70 cent adj eps dollar 77 cent zm
05/23/2022,zoom video communication 1q adj eps dollar cent zm
05/23/2022,zoom video communication 1q net 113 dollar 60 centsm zm
05/23/2022,zoom video communication see 2q rev dollar 12 centsb dollar 12 centsb zm
05/23/2022,10 information technology stock whale activity today session
05/23/2022,zoom video earnings preview doom boom check chart
05/23/2022,zoom video post lower fiscal q1 adjusted eps higher revenue issue fiscal q2 update fy guidance
05/23/2022,zoom video guide fy 2023 eps dollar 70 cent dollar 77 cent revenue dollar 53 cent dollar 55 cent billion v ciq analyst consensus dollar 56 cent per share revenue dollar 54 cent billion
05/23/2022,earnings flash zm zoom video communication report q1 eps dollar cent v street est dollar 88 cent
05/23/2022,zoom video guide q2 eps dollar 90 cent dollar 92 cent revenue dollar 12 cent dollar 12 cent billion v ciq analyst consensus dollar 87 cent per share revenue dollar 10 cent billion
05/23/2022,stock market gain dow lead index financials oil shipping stock advance
05/23/2022,analyst bullish zoom despite selloff
05/23/2022,zoom video communication expected log declining net income earnings preview
05/23/2022,earnings reaction history zoom video communication 63 percent follow indicator 19 percent sensitive
05/23/2022,zoom positioned ahead earnings
05/23/2022,zoom stock buy sell amid analyst look toward 2023
05/23/2022,zoom 85 percent selloff analyst calling rally tech watch
05/23/2022,stock higher week ahead vmware apple zoom focus five thing must know
05/23/2022,earnings scheduled may 23 2022
05/23/2022,stock watch may 23 2022
05/22/2022,thing watch stock market week
05/20/2022,catalyst watch jpmorgan event best buy earnings mcdonald drama
05/20/2022,zoom video earnings beat q1 despite bearish street view
05/20/2022,earnings preview zoom video communication
05/20/2022,zoom video communication price target cut 90 dollar cent per share 150 dollar cent barclays
05/20/2022,reason investor worried zoom stock week
05/19/2022,nasdaq stock reasonably priced
05/19/2022,zoom earnings look zm
05/19/2022,zoom video zm report q1 earnings store
05/19/2022,nasdaq 26 percent year date investor consider buying tech stock
05/19/2022,barclays lower zoom video communication price target 90 150 maintains equalweight rating
05/19/2022,cathie wood say record breaking inventory could lead weaker price
05/18/2022,zoom stock focus wednesday
05/18/2022,zoom announces funding youth mental health leader mtv entertainment mental health youth action forum
05/18/2022,zoom video communication price target cut 100 dollar cent per share 130 dollar cent ubs
05/18/2022,zoom video stock insider selling
05/18/2022,ubs adjusts zoom video communication price target 100 130 maintains neutral rating
05/18/2022,software stock pummeled even harder rest tech market
05/17/2022,coatue management accumulates square close door pfizer add lucid reduces zoom video position
05/17/2022,ipo experience largest retracement since dot com bubble popped
05/17/2022,zoom stock buy sell amid nasdaq volatility
05/17/2022,growth stock 62 percent
05/16/2022,wfh stock look cheapest
05/16/2022,zoom worth le pandemic
05/16/2022,twilio zoom video crowdstrike stock crashed monday
05/16/2022,india byju eye chegg 2u weighs u acquisition
05/16/2022,zoom gloom microsoft gain ground corporate videoconferencing analyst say barrons com
05/16/2022,zoom dip citi lower pt cite concern competitive headwind team
05/16/2022,zoom video communication price target cut 118 dollar cent per share 139 dollar cent citigroup
05/16/2022,zoom video communication price target cut 140 dollar cent per share 165 dollar cent morgan stanley
05/16/2022,morgan stanley adjusts zoom video communication price target 140 165 keep overweight rating
05/16/2022,citigroup adjusts price target zoom video communication 118 139 maintains neutral rating
05/15/2022,beaten growth stock buy tech sell
05/15/2022,zoom stock rebound despite recent slide
05/15/2022,zoom must adapt stay relevant
05/14/2022,explosive growth stock buy right
05/13/2022,zoom stock popped today
05/13/2022,nasdaq 100 stock jumped 10 percent friday
05/13/2022,zoom communication zm ink deal acquire solvvy
05/13/2022,zoom video communication percent pace largest percent increase since march 2021 data talk
05/13/2022,stock sampler gotten whacked ok
05/13/2022,zoom video communication price target cut 150 dollar cent per share 180 dollar cent btig
05/13/2022,zoom video communication maintained buy btig
05/13/2022,btig adjusts price target zoom video communication 150 180 reiterates buy rating
05/12/2022,zoom video stock hit pre pandemic low piper analyst throw towel bullish call
05/12/2022,zoom piper say know fold new rating cut
05/12/2022,brief zoom video communication say entered definitive agreement acquire solvvy
05/12/2022,zoom agrees acquire ai customer service platform solvvy
05/12/2022,zoom video communication report deal acquire solvvy term disclosed solvvy offer advanced conversational ai automation capability
05/12/2022,zoom video communication buy solvvy deal term disclosed zm
05/12/2022,press release zoom drive contact center expansion acquisition solvvy
05/12/2022,zoom drive contact center expansion acquisition solvvy zm
05/12/2022,zoom fall analyst see limited upside paid video call barrons com
05/12/2022,10 biggest price target change thursday
05/12/2022,zoom video communication acquire customer support platform solvvy
05/12/2022,street color zoom video communication buy solvvy term undisclosed
05/12/2022,zoom video communication price target cut 96 dollar cent per share 157 dollar cent piper sandler
05/12/2022,zoom video communication cut neutral overweight piper sandler
05/12/2022,piper sandler downgrade zoom video communication neutral overweight adjusts price target 96 157
05/11/2022,privacy activist caution zoom latest tool
05/11/2022,party officially home tech stock
05/11/2022,activist call zoom abandon new emotion tracking technology
05/11/2022,disney bull stay put even netflix streaming slump
05/11/2022,five9 expands europe two data centre relocates russian staff
05/11/2022,zoom new ai tool spur criticism privacy right group
05/10/2022,cathie wood ark invest arkk buy right
05/10/2022,investor undervaluing zoom video communication inc nasdaq zm 33 percent
05/10/2022,vertex verx q1 earnings revenue surpass estimate
05/09/2022,everbridge evbg report q1 loss top revenue estimate
05/09/2022,ark innovation etf hit 52 week low today
05/09/2022,tesla bull cathie wood betting stock dubbed stay home play many win big
05/08/2022,high growth company look like value stock today
05/08/2022,bargain stock cathie wood love
05/06/2022,tech top investor getting crushed got wrong barrons com
05/06/2022,profitable pandemic darling dirt cheap time buy
05/05/2022,technology stock crashed today
05/05/2022,cathie wood ark innovation etf going
05/05/2022,zoom video bottoming trade bet rebound limit risk
05/05/2022,zoom stock tumbled 15 percent april
05/05/2022,apple microsoft top pick wedbush firm say powell set stage bottoming process tech
05/04/2022,massive misallocation capital cathie wood join elon musk find fault passive investment
05/04/2022,cathie wood selling 10 stock 2022
05/04/2022,stock still growing despite 80 percent
05/04/2022,mark cuban pitbull steve aoki paris hilton invest company bringing nfts life
05/04/2022,lockdown winner peloton zoom risk even 218 billion rout
05/03/2022,invested 000 short cathie wood etf ipo much
05/02/2022,10 stock sell recession
05/02/2022,zoom release financial result first quarter fiscal year 2023
05/02/2022,tumbling cloud stock still way expensive
05/02/2022,audiocodes clock 13 percent revenue growth q1 aided microsoft zoom
05/02/2022,beaten growth stock buy hold
04/29/2022,watched stock zoom video communication inc zm worth betting
04/29/2022,fed cast long shadow dollar 80 cent trillion stock rout
04/28/2022,ark innovation arkk etf plunging today
04/28/2022,cathie wood ark innovation etf hit 52 week low going
04/27/2022,looking zoom video communication inc class recent short interest
04/26/2022,microsoft emulating strategy used amazon salesforce boost cloud business report
04/25/2022,interested innovation disruption afraid cathie wood arkk take look dtec
04/25/2022,microsoft apple may need show strong number save tech wedbush
04/23/2022,cathie wood flagship fund 45 percent year money still flowing wsj
04/23/2022,stock got hot pandemic cooling wsj
04/22/2022,pandemic darling stock netflix peloton zoom docusign face reckoning
04/22/2022,microsoft msft report q3 earnings card
04/22/2022,cathie wood buy dip pandemic darling roku zoom roblox
04/21/2022,10 technology stock invest according billionaire paul tudor jones
04/21/2022,zoom video comms whale trade spotted
04/20/2022,dj megaport share slump two year low third quarter revenue update
04/20/2022,hot stock dis hit low fb drop work home stock fall alvr lrn rally
04/20/2022,twilio drop percent heavy volume work home stock sell
04/20/2022,zoom announces latest certification innovation enhanced platform security
04/20/2022,growth stock 82 percent buy right
04/20/2022,thing zoom video communication smart investor know
04/19/2022,ark innovation stock bounce worthy
04/19/2022,zoom video share get lift release new hybrid work technology
04/19/2022,zoom video make whiteboard available collaboration canvas hybrid team
04/19/2022,dj vuzix share rise percent partnership zoom video
04/19/2022,zoom smart glass vuzix get added zoom app marketplace share gain
04/19/2022,zoom video make whteboard available collaboration canvas hybrid team
04/19/2022,zoom whiteboard collaboration canvas hybrid team available
04/19/2022,green flag zoom video communication 2022 red flag
04/19/2022,growth stock could double 2022
04/18/2022,cathie wood portfolio 10 stock 10
04/17/2022,cathie wood open sourcing ark projection model tesla holding big potential
04/15/2022,recent percent pullback enough hurt long term zoom video communication nasdaq zm shareholder still 78 percent year
04/14/2022,goldman sachs lower zoom video communication price target 163 171 maintains neutral rating
04/13/2022,zoom stock zoomed nearly percent higher wednesday
04/13/2022,zoom zm stock today
04/13/2022,funded sec proposed spac rule underwriter concerned
04/13/2022,zoom transforming platform hybrid work becomes permanent
04/13/2022,zoom announces platform innovation elevate total customer experience
04/12/2022,zoom zm introduces new feature improves virtual education
04/12/2022,zoom join observe ai megafunding focus call center market
04/12/2022,new 106m denver tech center apartment offer built office option remote work
04/12/2022,brief observe ai raise 125m series
04/11/2022,verint announces compliance recording zoom streamlining compliance review analysis regulated industry
04/11/2022,verint system launch compliance recording zoom
04/11/2022,zoom announces new education feature enhancing hybrid learning experience educator student
04/07/2022,nice nice achieves milestone aiding million police case
04/07/2022,hpq hp hpe make sure following buffett buying right hp stock
04/06/2022,zoom video communication datadog mongodb fell wednesday
04/06/2022,ark invest stock watch stock cathie wood ark etf tesla tumble
04/06/2022,worst performing mid cap stock 2022
04/05/2022,market feeling zoom video communication inc class
04/05/2022,got 500 top growth stock buy could double money
04/05/2022,ipo market decelerating 2022
04/05/2022,zoom video communication fell 11 percent march
04/04/2022,cramer mad money recap peloton amd zoom roku
04/04/2022,jamie dimon see work home becoming prominent american business jpmorgan preparing change
04/04/2022,zoom video comms whale trade april 04
04/01/2022,employee returning office post covid sit zoom call
03/31/2022,beaten nasdaq stock could easily 10x
03/31/2022,zoom stock 10 bagger bust
03/30/2022,zoom video zm percent since last earnings report
03/30/2022,10 reddit stock getting crushed march
03/30/2022,tech sell nasdaq stock 38 percent could double year
03/30/2022,zoom video stock buy
03/28/2022,cathie wood ark buy electric vehicle maker sell another
03/28/2022,hp plan buy video conferencing system maker poly dollar 30 cent billion deal
03/28/2022,zoom announces next evolution global partner program
03/28/2022,ferry grant shapps order operator rehire 800 sacked staff
03/27/2022,tech sell best growth stock buy hold forever
03/26/2022,zoom competitor teladoc
03/26/2022,cathie wood load 30m worth share crypto linked fintech friday
03/25/2022,novel approach startup recruiting lower stock price
03/25/2022,funded instacart slashed valuation 15b response plunging tech stock price
03/25/2022,affirm enphase energy zoom share falling
03/24/2022,sell stock could help set life
03/24/2022,nasdaq worst performing stock worth buying right
03/24/2022,investor navigate surging inflation morning brief
03/23/2022,growth stock 56 percent
03/23/2022,ark cathie wood think zoom pandemic stock
03/23/2022,ferry boris johnson say sacking may amount breaking law
03/22/2022,invested 000 zoom video stock pandemic low much
03/21/2022,10 tech stock buy according billionaire chase coleman
03/18/2022,microsoft ad window could drive product adoption
03/18/2022,seagate stx rove work together mass storage solution
03/17/2022,buy oversold tech stock especially apple analyst
03/17/2022,cathie wood arkk suffers two third holding fell 52 week low week
03/16/2022,tech stock salesforce meta zoom today
03/16/2022,stock cathie wood buying list
03/15/2022,zoom stock zoomed higher today
03/15/2022,zoom video communication share rise benchmark capital upgrade
03/15/2022,zoom stock buy fiscal 2023 revenue guidance disappoints
03/15/2022,dj zoom video communication maintained equal weight well fargo
03/15/2022,dj zoom video communication price target cut 105 dollar cent per share 145 dollar cent well fargo
03/15/2022,hot stock amc invests gold mine dole earnings zm upgrade anab clinical data
03/15/2022,zoom rise benchmark upgrade buy see 30 percent upside
03/15/2022,dj zoom video communication price target announced 124 dollar cent per share benchmark
03/15/2022,dj zoom video communication raised buy hold benchmark
03/15/2022,well fargo adjusts zoom video communication price target 105 145 maintains equalweight rating
03/14/2022,falling knife catch
03/14/2022,bet cathie wood increase congressman short arkk inverse sark etf pass arkk
03/14/2022,stock market news mar 14 2022
03/14/2022,10 famous tech stock bargain today
03/14/2022,tesla coinbase exact science cathie wood top 10 bet faring 2022 far
03/14/2022,zoom fatigue bringing back person work retreat
03/14/2022,zoom long term growth trajectory
03/12/2022,stock cathie wood buying dip
03/11/2022,cathie wood ark sits thursday dip favorite stock
03/10/2022,whale betting zoom video comms
03/10/2022,travel market fully recover
03/09/2022,zoom reopens denver office doubling headcount pandemic
03/09/2022,zoom verb gene munster investor look tech stock potential
03/09/2022,zoom make money platform subscription
03/09/2022,ark invest stock watch stock cathie wood ark etf tesla race higher
03/09/2022,microsoft return put focus worker skipping office
03/08/2022,dj zoom video workforce nearly tripled year marketwatch
03/08/2022,zoom stock drop 14 percent february
03/08/2022,nasdaq bear market really mean investor
03/07/2022,dj zoom video communication inc zm present morgan stanley 2022 technology medium telecom conference transcript zm
03/07/2022,ark invest stock watch stock cathie wood ark etf tesla revers
03/07/2022,metaverse stock could go parabolic
03/05/2022,dj tech bust stock fund fallen equally journal report
03/04/2022,dj apple exxon mobil rivian stock defined week wsj
03/04/2022,trying time market work
03/04/2022,cathie wood snapped share zoom gaming company thursday dip
03/03/2022,making sense past stock drop
03/03/2022,cathie wood go bargain hunting stock bought
03/03/2022,10 pandemic stock losing value
03/03/2022,zacks market edge highlight trex zoom video home depot asbury automotive boise cascade
03/03/2022,buy zoom stock today
03/02/2022,cathie wood trim ark disney stake 58 percent wednesday
03/02/2022,talkdesk said file confidentially ipo
03/02/2022,zoom stock earnings buy
03/02/2022,trade earnings surprise
03/02/2022,zoom video communication stock nearly percent today
03/02/2022,asana share fall workplace software company perform weakly
03/02/2022,dj zoom stock extends fall amid fear growth could worse advertised barrons com
03/02/2022,benzinga pro top stock watch wednesday mar 2022 tsla zm spwr dsx impp
03/02/2022,facebook researcher find apps make u lonelier
03/02/2022,dj zoom video communication price target cut 100 dollar cent per share 140 dollar cent wolfe research
03/02/2022,dj zoom video communication cut peer perform outperform wolfe research
03/02/2022,wolfe research downgrade zoom video communication peer perform outperform adjusts price target 100 140
03/01/2022,zoom stock dropped today
03/01/2022,zoom opportunity cost high market condition led investor elsewhere
03/01/2022,premarket prep stock day zoom communication long slide
03/01/2022,u stock wall street tumble ukraine crisis sow fear
03/01/2022,zm stock buy right analyst weigh zoom price prediction
03/01/2022,zoom zm stock nearly 80 percent time high
03/01/2022,u stock financial stock hammer wall street ukraine crisis escalates
03/01/2022,russia charge meta google inciting war social medium friction grows
03/01/2022,zoom video cfo optimistic transition killer app multi product platform
03/01/2022,zoom video communication issue disappointing fiscal 2023 outlook rbc say
03/01/2022,ark invest stock buy watch stock cathie wood ark etf tesla rally
03/01/2022,u stock wall street retreat ukraine crisis hammer financial stock
03/01/2022,billionaire stanley druckenmiller dumped 10 stock
03/01/2022,dj zoom video communication price target cut 200 dollar cent per share 300 dollar cent rbc capital
03/01/2022,dj zoom video communication maintained outperform rbc capital
03/01/2022,zoom video share fall analyst cut price target post q4
03/01/2022,dj zoom video communication price target cut 145 dollar cent per share 200 dollar cent well fargo
03/01/2022,research alert cfra maintains hold opinion share zoom video communication
03/01/2022,analyst rating say zoom video communication
03/01/2022,goldman sachs lower price target zoom video communication 171 200 maintains neutral rating
03/01/2022,jpmorgan lower price target zoom video communication 295 385 maintains overweight rating
03/01/2022,stifel adjusts zoom video communication price target 150 275 maintains hold rating
03/01/2022,zoom drop price target cut citi weak guidance
03/01/2022,dj zoom video communication price target cut 171 dollar cent per share 200 dollar cent goldman sachs
03/01/2022,dj zoom video communication maintained neutral goldman sachs
03/01/2022,columbia sportswear yeti holding highlighted zacks bull bear day
03/01/2022,zoom video communication price target rbc slashed 200 300 guidance disappoints outperform kept
03/01/2022,dj zoom may reinvent thrive post pandemic world market talk
03/01/2022,well fargo adjusts price target zoom video communication 145 200 keep equalweight rating
03/01/2022,piper sandler adjusts price target zoom video communication 157 299 reiterates overweight rating
03/01/2022,deutsche bank adjusts zoom video communication price target 155 280 maintains hold rating
02/28/2022,growth slows zoom go
02/28/2022,zoom pandemic favourite seek new start
02/28/2022,dj zoom video communication inc ceo eric yuan q4 2022 result earnings call transcript zm
02/28/2022,zoom report slowing growth stock monday real hour winner
02/28/2022,zoom outlook add investor ho hum view company post covid growth prospect
02/28/2022,zoom video communication zm q4 earnings revenue beat estimate
02/28/2022,zoom project sale miss estimate slowing growth
02/28/2022,zoom forecast annual revenue profit estimate
02/28/2022,market bid session low zm hpq beat earnings
02/28/2022,market correction top tech stock 63 percent 78 percent buy right
02/28/2022,dj zoom sale growth slows retreat pandemic high continues wsj
02/28/2022,zoom stock fall missed guidance pandemic fade
02/28/2022,going zoom video communication stock monday hour session
02/28/2022,zoom q4 earnings highlight revenue 21 percent 1b buyback guidance estimate
02/28/2022,zoom say growth slowdown coming stock plunging
02/28/2022,dj zoom video communication 4q sale steady profit beat expectation
02/28/2022,brief zoom appoints bill mcdermott board director
02/28/2022,zoom video communication non gaap eps dollar 29 cent beat dollar 22 cent revenue dollar centsb beat 30m
02/28/2022,zoom video communication board authorized stk repurchase program 1b co outstanding class common stk zm
02/28/2022,zoom edge past quarterly revenue estimate
02/28/2022,zoom video communication q4 adj eps dollar 29 cent beat dollar cent estimate sale dollar centsb beat dollar centsb estimate
02/28/2022,zoom video communication see 1q adj eps 86c adj eps 88c zm
02/28/2022,zoom video communication see fy adj eps dollar 45 cent adj eps dollar 51 cent zm
02/28/2022,zoom video communication 4q adj eps dollar 29 cent zm
02/28/2022,zoom video communication 4q rev dollar centsb zm
02/28/2022,zoom video communication see 1q rev dollar centsb dollar centsb zm
02/28/2022,press release zoom video communication report fourth quarter fiscal year 2022 financial result
02/28/2022,zoom video communication 4q net 490 dollar 50 centsm zm
02/28/2022,zoom video communication see fy rev dollar 53 centsb dollar 55 centsb zm
02/28/2022,zoom video communication 4q eps dollar 60 cent zm
02/28/2022,zoom communication stock look heading q4 earnings charting path ahead
02/28/2022,zoom video communication report higher fiscal q4 adjusted earnings set q1 2023 outlook share hour
02/28/2022,zoom video guide fy 2023 eps dollar 45 cent dollar 51 cent revenue dollar 53 cent dollar 55 cent billion v ciq analyst consensus dollar 40 cent eps revenue dollar 72 cent billion
02/28/2022,zoom video see q1 eps dollar 86 cent dollar 88 cent revenue dollar cent dollar cent billion v ciq analyst consensus dollar cent eps revenue dollar 10 cent billion
02/28/2022,earnings flash zm zoom video communication report q4 eps dollar 22 cent v street est dollar cent
02/28/2022,zoom video report 725 customer 100 000 v visible alpha analyst consensus 701 customer 509 800 customer 10 employee v est 528 350
02/28/2022,analyzing zoom video communication inc class short interest
02/28/2022,benzinga pro top stock watch monday feb 28 2022 zm amc yndx muln indo
02/28/2022,zoom stock buy earnings due fiscal 2023 guidance key
02/28/2022,earnings reaction history zoom video communication 60 percent follow indicator 21 percent sensitive
02/28/2022,dj nio novavax lockheed yandex first horizon watch stock market open today wsj
02/28/2022,dj tougher sanction spark russian market mayhem threatening spread barrons com
02/28/2022,thing know job market year use improve career
02/28/2022,stock watch february 28 2022
02/28/2022,dj zoom earnings likely show steeper drop pandemic boom barrons com
02/27/2022,miss exxon run energy stock like
02/25/2022,zoom stock buy bear fret microsoft team essential
02/25/2022,zoom video communication q4 earnings slowing growth take stock lower presenting buy opportunity
02/25/2022,zoom video zm report q4 earnings store
02/25/2022,time buy stock novavax zoom workhorse
02/25/2022,ark invest stock buy watch stock cathie wood ark etf tesla slide
02/25/2022,preview expect zoom q4 earnings
02/25/2022,billionaire andreas halvorsen selling 10 stock
02/25/2022,dj zoom tough call make wsj
02/24/2022,zoom stock trounced market thursday
02/24/2022,finally time buy zoom stock
02/24/2022,analyst view zoom ahead quarterly result
02/24/2022,want million retirement invest 100 000 stock wait decade
02/24/2022,dj zoom video communication price target cut 147 dollar cent per share 250 dollar cent citigroup
02/24/2022,dj five9 stock slide first quarter profit forecast miss expectation barrons com
02/24/2022,ubs lower price target zoom video communication 130 250 maintains neutral rating
02/24/2022,citigroup trim zoom video communication price target 147 250 maintains neutral rating
02/23/2022,monday com plunge 20 percent touching 52 week low q4 loss
02/23/2022,cathie wood doubling 10 stock despite loss
02/23/2022,dj zoom video communication maintained buy mizuho
02/23/2022,dj zoom video communication price target cut 190 dollar cent per share 300 dollar cent mizuho
02/23/2022,brief zoom introduces category redefining contact center solution
02/23/2022,zoom unveils new call center product failed five9 deal
02/23/2022,mizuho security adjusts zoom video communication price target 190 300 maintains buy rating
02/22/2022,zoom digital shift volatility
02/22/2022,ark invest stock buy watch stock cathie wood ark etf tesla skid
02/22/2022,morgan stanley lower price target zoom video communication 165 265 maintains overweight rating
02/21/2022,analyst estimate zoom video communication zm report decline earnings look
02/21/2022,brief zoom ringcentral announce settlement litigation
02/21/2022,stock could turn 50 000 million 2040
02/21/2022,zoom ringcentral announce settlement litigation
02/20/2022,cathie wood ark continues buying spree
02/20/2022,tech sell brainer stock buy right
02/20/2022,top 10 stock 2022 according chet kapoor tenzing global investor
02/18/2022,dj pandemic habit fading may sticking around barrons com
02/18/2022,dj zoom catch break overheard wsj
02/17/2022,ark invest throw shade cnbc following zoom interview cathie wood
02/17/2022,ark cathie wood make case stock
02/17/2022,cathie wood top 10 investment performed last month
02/17/2022,stock market news feb 17 2022
02/16/2022,moonshot stock 2022
02/16/2022,market see mixed day trading amid fed latest minute
02/16/2022,zoom video communication whale trade spotted
02/15/2022,hilton nearly outperformed zoom video since pandemic hit
02/15/2022,city london lord mayor arrives goal turning city world financial technology capital
02/15/2022,ark invest stock buy watch stock cathie wood ark etf tesla race higher
02/14/2022,zoom video communication meme stock
02/14/2022,tell stock meme stock
02/14/2022,zoom video stock beat market monday
02/14/2022,zoom video communication zm gain market dip know
02/14/2022,15 analyst rating say zoom video communication
02/14/2022,time buy stock didi global affirm zoom cv health
02/14/2022,brief temasek holding dissolve stake zoom video take stake rent runway ups stake salesforce com
02/14/2022,jim simon quant hedge fund selling 10 stock
02/14/2022,zoom video communication share advance cicc initiate coverage outperform
02/14/2022,dj zoom video communication price target announced 182 dollar 92 cent per share cicc
02/14/2022,dj zoom video communication initiated outperform cicc
02/14/2022,cicc start zoom video communication outperform 182 dollar 92 cent price target
02/11/2022,brief soros fund management report stake rivian wework cut activision
02/11/2022,zoom video communication inc nasdaq zm shareholder ownership skewed towards insider
02/10/2022,unicorn created equally endeavor miami claudia duran say look
02/10/2022,beaten growth stock 128 percent 178 percent upside according wall street
02/09/2022,considering ultra popular stock proceed caution
02/09/2022,stock add portfolio market pullback
02/09/2022,zoom video stock fell 16 percent january
02/08/2022,nikko asset management america inc buy roku inc zoom video communication inc twilio inc
02/08/2022,uber option trader favor call ahead earnings
02/08/2022,element pointe advisor llc buy invesco 500 equal weight consumer discretionar
02/08/2022,three chart explaining happened saas stock bottom close
02/08/2022,parisi gray wealth management buy ishares year treasury bond etf ishares russell 1000
02/08/2022,zoom thrive post pandemic world
02/08/2022,ark innovation etf stock getting pummeled 2022
02/08/2022,75 percent zoom smart stock buy
02/07/2022,managed asset portfolio llc buy inc mdu resource group inc amazon
02/07/2022,betting remote work stay new work anywhere etf work
02/06/2022,smart money right zoom video communication inc zm
02/06/2022,growth stock near 52 week low buy right
02/04/2022,dj cathie wood big lately answer investor critic barrons com
02/04/2022,dj pandemic stock equal beaten hellofresh buy barrons com
02/04/2022,avory company llc buy zoom video communication inc zillow group inc duolingo inc
02/04/2022,ark fund launching new fund could invest private company
02/04/2022,tlwm buy powershares qqq trust ser invesco bulletshares 2026 corporate bond etf ishares
02/03/2022,unity software inc report q4 loss top revenue estimate
02/03/2022,applied research investment llc buy nvidia corp servicenow inc thomson reuters corp sell
02/02/2022,fisher asset management llc buy netflix inc intuit inc meta platform inc sell walmart
02/02/2022,zoom hit 52 week low last week amid post pandemic hangover time buy
02/02/2022,wespac advisor socal llc buy lululemon athletica inc goldman sachs group inc servicenow
02/02/2022,check whale zoom video communication
02/02/2022,dragoneer tiger global led funding value productboard dollar 73 cent bln
02/01/2022,agf investment america inc buy enphase energy inc allbirds inc plug power inc sell
02/01/2022,zoom release financial result fourth quarter full fiscal year 2022
02/01/2022,invest stock market brutal january
01/31/2022,whale betting zoom video communication
01/31/2022,sturgeon venture llp buy sentinelone inc sentinelone inc cognex corp sell amazon
01/31/2022,lifepro asset management buy trade desk inc roblox corp mongodb inc sell occidental
01/31/2022,game changing stock 76 percent screaming buy
01/30/2022,ark fund see 8b net outflow cathie wood say etf stock rebound
01/28/2022,mizuho market cayman lp buy meta platform inc block inc amazon
01/28/2022,cathie wood ark innovation etf hit new 52 week low top holding flagship fund
01/28/2022,tech sell invest 000 next year
01/28/2022,dj 2021 winning losing short sale barrons com
01/27/2022,oxler private wealth llc buy ford motor co verizon communication inc zoom video
01/27/2022,ark invest stock buy watch stock cathie wood ark etf tesla dive earnings
01/26/2022,kercheville advisor llc buy carlyle group inc hess midstream lp consumer staple
01/25/2022,montecito bank trust buy financial select sector spdr ishares msci emerging market ex
01/25/2022,stock buy value stock hot growth stock cold
01/25/2022,stock begging bought january sell
01/25/2022,market downturn rattle venture investor despite funding surge
01/24/2022,zoom bulk platform investment based note taking app
01/24/2022,dj january tech stock winner takeover target barrons com
01/24/2022,ark invest stock buy watch stock cathie wood ark etf tesla dive
01/24/2022,best stock interest rate rise morning brief
01/23/2022,tech stock got hit hard find bargain
01/21/2022,morgan stanley hunt communication software gem new risk world
01/21/2022,dj find bargain among tech growth stock barrons com
01/21/2022,bullish work home stock trend ended according death cross wfh etf
01/21/2022,microsoft msft report q2 earnings card
01/21/2022,pinnacle wealth planning service inc buy spdr portfolio 600 small cap etf meta
01/21/2022,diligent investor llc buy ishares core aggregate bond etf innovator
01/21/2022,investor dump pandemic darling result disappoint
01/21/2022,netflix peloton bring pandemic stock era shuddering halt
01/20/2022,insight folio inc buy lumen technology inc tc energy corp paypal holding inc sell
01/20/2022,cra financial service llc buy south jersey industry inc innovator
01/20/2022,benedetti gucer inc buy procter gamble co ishares core
01/20/2022,zm analyzing zoom video communication inc class short interest
01/20/2022,nasdaq worst performing stock ready bounce back 2022
01/20/2022,growth stock climbing prospective buy list
01/19/2022,netflix still tear stock limping earnings
01/19/2022,zoom video communication zm stock move percent know
01/19/2022,blue fin capital inc buy powershares nasdaq internet portfolio advanced micro device inc
01/19/2022,dj netflix report earnings thursday expect barrons com
01/19/2022,welch forbes llc buy vanguard ultra short bond etf first trust enhanced short maturity
01/19/2022,hummer financial advisory service inc buy pepsico inc cigna corp paychex inc sell zoom
01/19/2022,signature wealth management partner llc buy verizon communication inc lumen technology
01/19/2022,zoom returning office worker coming back
01/19/2022,zoom could breakout stock 2022
01/19/2022,turnaround stock bounce back big time 2022
01/18/2022,wc walker associate inc buy ishares russell 1000 etf ishares tip bond etf agilon
01/18/2022,breiter capital management inc buy first tr small cap broadcom inc global mlp etf sell
01/18/2022,best oversold stock buy january 2022
01/18/2022,echo wealth management llc buy first trust nasdaq rising dividend achiever etf vanguard
01/16/2022,zoom 10 biggest innovation 2021
01/15/2022,even big price cut tech stock bargain
01/14/2022,genesys tap investment bank ipo year
01/14/2022,benzinga asks ark fund would rather buy hold year
01/14/2022,zoom video communication stand analyst
01/14/2022,cathie wood arkk largest one day capital outflow 10 month approach 18 month low
01/14/2022,cathie wood outflow grow diehard fan face biggest test
01/14/2022,undervalued stock buy wall street catch
01/14/2022,dj zoom video communication maintained overweight keybanc
01/14/2022,dj zoom video communication price target cut 253 dollar cent per share 344 dollar cent keybanc
01/13/2022,cottage street advisor llc buy pimco enhanced short maturity active exchange trad spdr
01/13/2022,zoom video communication year
01/13/2022,cathie wood sell another 3m share tesla wednesday bought instead
01/12/2022,state alaska department revenue buy realty income corp bio rad laboratory inc
01/12/2022,zoom video communication whale trade january 12
01/12/2022,cloudflare stock dip enticing buying opportunity
01/12/2022,nvidia take top spot facebook zoom tumble glassdoor ranking
01/12/2022,zoom announces first work transformation summit convening industry thought leader
01/12/2022,zoom stock keep falling 2022
01/11/2022,dj zoom play bigger role market talk
01/11/2022,ark wood turn focus deflation stay connected stock
01/11/2022,dj zoom video communication inc zm management present 24th annual needham growth conference transcript zm
01/11/2022,bubble era cisco tell u zoom pandemic stock
01/11/2022,cathie wood go bargain hunting beaten growth stock bought
01/10/2022,zoom becomes first video communication client attain common criterion certification
01/10/2022,10 information technology stock whale alert today session
01/10/2022,live market tech selloff clobber cathie wood ark innovation etf
01/10/2022,long term investor shift mindset market sell
01/10/2022,worker ever return office
01/09/2022,tech stock 37 percent 60 percent buy 2022
01/08/2022,top 10 stock market moving headline last week tesla ark innovation etf bitcoin
01/08/2022,time sell zoom stock
01/07/2022,box refocuses hunt growth winning starboard fight
01/06/2022,twitter stock fan waiting buy dip
01/06/2022,mohamed el erian say trifecta danger haunt u economy 2022 protect portfolio
01/06/2022,cisco csco webex platform utilized space mission
01/06/2022,12 best cloud computing stock 2022
01/05/2022,ark invest stock buy watch stock cathie wood ark etf roku dive
01/05/2022,option market predicting spike zoom zm stock
01/05/2022,dj esg pioneer weighs sustainable investing today barrons com
01/04/2022,zoom video communication zscaler eat takeaway com fell hard today
01/04/2022,zoom share falling
01/04/2022,10 downloaded apps 2021 snapchat zoom facebook
01/04/2022,brainer metaverse stock buy right
01/04/2022,wildly undervalued stock buy hold next decade
01/03/2022,roku soar new deal google keep streaming youtube
01/03/2022,paypal still buy falling 18 percent 2021
01/03/2022,reason sell docebo stock
01/03/2022,hybrid working gaining momentum focus tech stock
01/03/2022,zoom video zm percent since last earnings report
01/03/2022,calix stock popped today
01/03/2022,better omicron stock zoom video communication v roku
01/03/2022,stock buy kiss 2021 goodbye
01/03/2022,struggling stock buy discount
01/03/2022,top tech stock buy 2022
01/03/2022,bargain hunter innovative stock 37 percent 77 percent worth buying
01/02/2022,zoom betting virtual event stay
01/02/2022,zoom video communication stock jumped thursday
01/01/2022,zoom stock bull v bear
01/01/2022,top stock buy 2022 beyond
01/01/2022,stock market news dec 20 2021
01/01/2022,cooled cathie wood stock set big rebound 2022
01/01/2022,zoom zm buy liminal asset improves virtual event ability
01/01/2022,stock market fared 2021
01/01/2022,ringcentral v zoom video communication software stock better buy
01/01/2022,rule breaker investing podcast look back best 2021
01/01/2022,cathie wood stock could soar 2022
01/01/2022,stock moved market 2021
01/01/2022,wall street investor cathie wood back yet another new etf
01/01/2022,company dominated 2021
01/01/2022,growth stock poised bull run 2022
